productLine,country,city,No_of_products
"Vintage Cars",Italy,Bergamo,18
Ships,Italy,Bergamo,18
Planes,Italy,Bergamo,18
Planes,UK,Cowes,18
"Vintage Cars",UK,Manchester,18
Planes,Italy,Bergamo,18
Planes,France,Nantes,18
"Vintage Cars",France,Nantes,18
"Vintage Cars",France,Reims,18
Planes,Italy,Bergamo,18
Trains,Singapore,Singapore,18
"Vintage Cars",USA,Burlingame,18
"Vintage Cars",USA,"San Diego",18
Planes,France,Nantes,18
"Vintage Cars",UK,Cowes,18
Planes,UK,Cowes,18
"Classic Cars",UK,Manchester,18
Motorcycles,USA,"San Francisco",18
Planes,USA,"San Diego",18
"Vintage Cars",USA,"San Diego",18
Planes,USA,"San Diego",18
Motorcycles,France,Nantes,18
Planes,UK,Cowes,18
Ships,"New Zealand","Auckland  ",18
Planes,Spain,Madrid,18
Planes,Italy,Bergamo,18
"Trucks and Buses",Singapore,Singapore,18
"Vintage Cars",Italy,Bergamo,18
Planes,Italy,Bergamo,18
"Classic Cars",Singapore,Singapore,18
Ships,USA,"San Diego",18
Planes,France,Nantes,18
Trains,Singapore,Singapore,18
Motorcycles,USA,Burlingame,18
Planes,USA,Burlingame,18
Ships,USA,"San Diego",18
"Vintage Cars",France,Nantes,18
"Vintage Cars",UK,Manchester,18
Planes,"New Zealand","Auckland  ",18
Ships,Spain,Madrid,18
Planes,Spain,Madrid,18
Planes,Italy,Bergamo,18
Motorcycles,USA,"San Francisco",18
"Vintage Cars","New Zealand","Auckland  ",18
Planes,Spain,Madrid,18
Planes,France,Reims,18
Planes,France,Reims,18
"Vintage Cars",France,Reims,18
Ships,France,Reims,18
Planes,Italy,Bergamo,18
"Trucks and Buses",Singapore,Singapore,18
"Classic Cars",Singapore,Singapore,18
Trains,Singapore,Singapore,18
Motorcycles,USA,Burlingame,18
Motorcycles,France,Nantes,18
Planes,UK,Cowes,18
"Vintage Cars",UK,Manchester,18
"Trucks and Buses",Singapore,Singapore,18
Planes,France,Nantes,18
"Vintage Cars",UK,Manchester,18
Ships,"New Zealand","Auckland  ",18
Ships,USA,"San Diego",18
"Vintage Cars","New Zealand","Auckland  ",18
Ships,"New Zealand","Auckland  ",18
Planes,Spain,Madrid,18
Planes,Italy,Bergamo,18
Planes,Italy,Bergamo,18
Ships,UK,Cowes,18
Planes,Spain,Madrid,18
Planes,France,Reims,18
"Classic Cars",USA,"San Francisco",18
"Classic Cars",USA,"San Francisco",18
Motorcycles,USA,Burlingame,18
Motorcycles,USA,"San Francisco",18
"Classic Cars",USA,"San Francisco",18
"Classic Cars",USA,"San Francisco",18
Planes,UK,Cowes,18
Ships,Spain,Madrid,18
Planes,France,Reims,18
"Vintage Cars",France,Reims,18
Motorcycles,USA,"San Francisco",18
Motorcycles,USA,"San Francisco",18
Planes,UK,Cowes,18
"Classic Cars",UK,Manchester,18
"Classic Cars",UK,Manchester,18
"Vintage Cars",Italy,Bergamo,18
Planes,Italy,Bergamo,18
"Classic Cars",USA,"San Francisco",18
Planes,USA,Burlingame,18
Planes,USA,"San Diego",18
Ships,USA,"San Diego",18
Trains,"New Zealand","Auckland  ",18
"Classic Cars",USA,"San Francisco",18
Planes,USA,Burlingame,18
"Vintage Cars",USA,"San Diego",18
"Vintage Cars",UK,Manchester,18
Ships,Spain,Madrid,18
Ships,Spain,Madrid,18
Ships,Italy,Bergamo,18
Motorcycles,USA,"San Francisco",18
"Classic Cars",USA,"San Francisco",18
Motorcycles,USA,"San Francisco",18
Motorcycles,USA,Burlingame,18
"Classic Cars",UK,Manchester,18
Ships,"New Zealand","Auckland  ",18
Motorcycles,USA,"San Francisco",18
"Classic Cars",Singapore,Singapore,18
Planes,USA,"San Diego",18
Planes,UK,Cowes,18
Ships,UK,Cowes,18
Motorcycles,USA,Burlingame,18
Motorcycles,France,Nantes,18
Ships,"New Zealand","Auckland  ",18
Planes,France,Nantes,18
"Vintage Cars",UK,Cowes,18
"Vintage Cars",UK,Cowes,18
"Classic Cars",UK,Manchester,18
Planes,"New Zealand","Auckland  ",18
"Vintage Cars",Spain,Madrid,18
Planes,Spain,Madrid,18
Planes,France,Reims,18
Motorcycles,USA,Burlingame,18
"Vintage Cars",USA,"San Diego",18
"Vintage Cars",UK,Manchester,18
Planes,Spain,Madrid,18
Planes,France,Reims,18
"Vintage Cars",Italy,Bergamo,18
"Classic Cars",Singapore,Singapore,18
"Classic Cars",Singapore,Singapore,18
Motorcycles,France,Nantes,18
"Classic Cars",UK,Cowes,18
Planes,France,Reims,18
Motorcycles,USA,"San Francisco",18
"Classic Cars",Singapore,Singapore,18
"Trucks and Buses",Singapore,Singapore,18
Planes,France,Reims,18
Planes,France,Reims,18
Planes,France,Reims,18
Motorcycles,USA,"San Francisco",18
Motorcycles,USA,"San Francisco",18
"Classic Cars",Singapore,Singapore,18
Planes,USA,Burlingame,18
Planes,USA,Burlingame,18
Planes,USA,"San Diego",18
Motorcycles,France,Nantes,18
Planes,UK,Cowes,18
"Vintage Cars",UK,Manchester,18
"Vintage Cars","New Zealand","Auckland  ",18
"Classic Cars",Singapore,Singapore,18
Motorcycles,USA,Burlingame,18
Planes,USA,Burlingame,18
Ships,USA,"San Diego",18
Motorcycles,France,Nantes,18
"Vintage Cars",UK,Cowes,18
"Classic Cars",UK,Manchester,18
Planes,France,Reims,18
Planes,France,Nantes,18
Ships,"New Zealand","Auckland  ",18
Ships,"New Zealand","Auckland  ",18
Planes,Spain,Madrid,18
Ships,France,Reims,18
"Vintage Cars",France,Reims,18
"Trucks and Buses",Singapore,Singapore,18
Planes,USA,Burlingame,18
Planes,USA,"San Diego",18
Planes,France,Nantes,18
Ships,UK,Cowes,18
Planes,UK,Cowes,18
"Vintage Cars",UK,Manchester,18
Planes,Spain,Madrid,18
Ships,Spain,Madrid,18
Planes,Spain,Madrid,18
Ships,Spain,Madrid,18
Planes,USA,Burlingame,18
Planes,USA,Burlingame,18
Ships,USA,"San Diego",18
Planes,France,Nantes,18
"Vintage Cars",UK,Manchester,18
"Vintage Cars","New Zealand","Auckland  ",18
Planes,Italy,Bergamo,18
Planes,Italy,Bergamo,18
"Classic Cars",Singapore,Singapore,18
"Trucks and Buses",Singapore,Singapore,18
Ships,"New Zealand","Auckland  ",18
Planes,France,Reims,18
Planes,France,Nantes,18
Motorcycles,France,Nantes,18
"Vintage Cars",UK,Cowes,18
"Vintage Cars","New Zealand","Auckland  ",18
"Vintage Cars",Spain,Madrid,18
"Vintage Cars",USA,Burlingame,18
"Classic Cars",USA,"San Diego",18
Ships,USA,"San Diego",18
"Vintage Cars",UK,Manchester,18
"Vintage Cars",UK,Manchester,18
"Classic Cars",UK,Manchester,18
Planes,"New Zealand","Auckland  ",18
Planes,"New Zealand","Auckland  ",18
"Classic Cars",USA,"San Rafael",17
"Classic Cars",USA,"San Rafael",17
"Classic Cars",USA,"San Rafael",17
"Classic Cars",USA,"San Rafael",17
"Classic Cars",USA,"San Rafael",17
"Classic Cars",USA,"San Rafael",17
"Classic Cars",USA,"San Rafael",17
Motorcycles,USA,"San Rafael",17
"Classic Cars",USA,"San Rafael",17
Motorcycles,USA,"San Rafael",17
"Classic Cars",USA,"San Rafael",17
"Classic Cars",USA,"San Rafael",17
"Classic Cars",USA,"San Rafael",17
"Classic Cars",USA,"San Rafael",17
Motorcycles,USA,"San Rafael",17
Motorcycles,USA,"San Rafael",17
Motorcycles,USA,"San Rafael",17
"Classic Cars","Norway  ",Bergen,17
"Vintage Cars",Italy,Torino,17
"Vintage Cars",France,Versailles,17
"Vintage Cars",USA,"San Rafael",17
"Vintage Cars",USA,"San Rafael",17
"Vintage Cars",USA,"San Rafael",17
Ships,Spain,Madrid,17
Planes,Finland,Oulu,17
"Classic Cars",France,Marseille,17
"Classic Cars",France,Marseille,17
Motorcycles,France,Marseille,17
"Classic Cars",Germany,KÃƒÂ¶ln,17
Ships,Spain,Madrid,17
"Vintage Cars",Spain,Madrid,17
"Trucks and Buses",Spain,Madrid,17
"Vintage Cars",Italy,Torino,17
"Classic Cars",Switzerland,GenÃƒÂ¨ve,17
"Classic Cars",Germany,KÃƒÂ¶ln,17
"Trucks and Buses",Spain,Madrid,17
"Vintage Cars",Italy,Torino,17
"Vintage Cars",Italy,Torino,17
"Vintage Cars",Italy,Torino,17
"Classic Cars",Switzerland,GenÃƒÂ¨ve,17
"Classic Cars",France,Versailles,17
"Classic Cars","Norway  ",Bergen,17
Planes,Japan,Kita-ku,17
"Classic Cars",Switzerland,GenÃƒÂ¨ve,17
"Vintage Cars",France,Versailles,17
"Classic Cars",Germany,KÃƒÂ¶ln,17
"Classic Cars",Germany,KÃƒÂ¶ln,17
"Classic Cars",Germany,KÃƒÂ¶ln,17
"Classic Cars",Spain,Madrid,17
"Vintage Cars",Spain,Madrid,17
"Vintage Cars",USA,"San Rafael",17
"Vintage Cars",USA,"San Rafael",17
"Classic Cars",Germany,KÃƒÂ¶ln,17
Planes,Japan,Kita-ku,17
"Vintage Cars",Japan,Kita-ku,17
"Vintage Cars",France,Versailles,17
Ships,UK,Manchester,17
"Vintage Cars",USA,"San Rafael",17
Trains,Spain,Madrid,17
"Classic Cars",France,Marseille,17
"Vintage Cars",USA,"San Rafael",17
"Vintage Cars",USA,NYC,17
"Classic Cars",USA,NYC,17
"Vintage Cars",Japan,Kita-ku,17
Ships,UK,Manchester,17
Planes,Finland,Oulu,17
Ships,Finland,Oulu,17
Ships,Finland,Oulu,17
"Classic Cars",France,Marseille,17
"Classic Cars",France,Marseille,17
"Vintage Cars",USA,"San Rafael",17
"Classic Cars",USA,NYC,17
Motorcycles,Japan,Kita-ku,17
"Vintage Cars",Italy,Torino,17
"Vintage Cars",Italy,Torino,17
"Classic Cars",Switzerland,GenÃƒÂ¨ve,17
Trains,Spain,Madrid,17
Ships,Spain,Madrid,17
Ships,Finland,Oulu,17
"Classic Cars",France,Marseille,17
"Vintage Cars",USA,"San Rafael",17
"Classic Cars",USA,"San Rafael",17
"Vintage Cars",USA,"San Rafael",17
"Classic Cars",Finland,Oulu,17
"Classic Cars",USA,NYC,17
Planes,Japan,Kita-ku,17
"Classic Cars",Switzerland,GenÃƒÂ¨ve,17
"Classic Cars",Switzerland,GenÃƒÂ¨ve,17
"Classic Cars",Germany,KÃƒÂ¶ln,17
"Vintage Cars",Spain,Madrid,17
"Trucks and Buses",Spain,Madrid,17
"Classic Cars","Norway  ",Bergen,17
"Vintage Cars",USA,"San Rafael",17
"Vintage Cars",USA,"San Rafael",17
"Vintage Cars",France,Versailles,17
Motorcycles,Germany,KÃƒÂ¶ln,17
Ships,Spain,Madrid,17
"Classic Cars",France,Marseille,17
"Vintage Cars",Spain,Madrid,17
"Classic Cars","Norway  ",Bergen,17
Planes,Japan,Kita-ku,17
"Classic Cars",Switzerland,GenÃƒÂ¨ve,17
"Vintage Cars",France,Versailles,17
"Vintage Cars",France,Versailles,17
Planes,Finland,Oulu,17
"Vintage Cars",Spain,Madrid,17
"Classic Cars","Norway  ",Bergen,17
"Classic Cars",USA,NYC,17
"Vintage Cars",France,Versailles,17
"Trucks and Buses",France,Versailles,17
Ships,UK,Manchester,17
"Vintage Cars",USA,"San Rafael",17
Ships,Spain,Madrid,17
"Classic Cars","Norway  ",Bergen,17
"Classic Cars",USA,"San Rafael",17
Motorcycles,Japan,Kita-ku,17
Planes,Japan,Kita-ku,17
"Classic Cars",France,Versailles,17
"Classic Cars",Germany,KÃƒÂ¶ln,17
Ships,Finland,Oulu,17
"Classic Cars","Norway  ",Bergen,17
"Classic Cars",USA,NYC,17
"Classic Cars",Switzerland,GenÃƒÂ¨ve,17
"Vintage Cars",France,Versailles,17
"Classic Cars",Germany,KÃƒÂ¶ln,17
"Vintage Cars",USA,"San Rafael",17
"Vintage Cars",USA,"San Rafael",17
"Vintage Cars",Spain,Madrid,17
Planes,Finland,Oulu,17
"Trucks and Buses",Spain,Madrid,17
Motorcycles,Japan,Kita-ku,17
"Classic Cars",Switzerland,GenÃƒÂ¨ve,17
"Trucks and Buses",France,Versailles,17
"Trucks and Buses",France,Versailles,17
Trains,UK,Manchester,17
"Vintage Cars",Spain,Madrid,17
"Classic Cars","Norway  ",Bergen,17
"Vintage Cars",USA,"San Rafael",17
"Vintage Cars",USA,"San Rafael",17
"Vintage Cars",Italy,Torino,17
"Vintage Cars",Italy,Torino,17
"Vintage Cars",Italy,Torino,17
"Vintage Cars",Italy,Torino,17
"Classic Cars",Switzerland,GenÃƒÂ¨ve,17
Trains,UK,Manchester,17
"Classic Cars",Germany,KÃƒÂ¶ln,17
"Vintage Cars",Finland,Oulu,17
"Classic Cars",Spain,Madrid,17
"Classic Cars",Spain,Madrid,17
"Classic Cars","Norway  ",Bergen,17
"Classic Cars","Norway  ",Bergen,17
"Classic Cars",USA,NYC,17
Motorcycles,Japan,Kita-ku,17
"Classic Cars",Switzerland,GenÃƒÂ¨ve,17
"Classic Cars",UK,Manchester,17
Ships,UK,Manchester,17
"Trucks and Buses",USA,"San Rafael",17
"Vintage Cars",USA,"San Rafael",17
"Vintage Cars",USA,"San Rafael",17
"Trucks and Buses",Spain,Madrid,17
Trains,Spain,Madrid,17
"Classic Cars",France,Marseille,17
"Vintage Cars",USA,NYC,17
"Vintage Cars",France,Versailles,17
"Classic Cars",UK,Manchester,17
Ships,UK,Manchester,17
"Classic Cars",Germany,KÃƒÂ¶ln,17
"Vintage Cars",Spain,Madrid,17
"Classic Cars","Norway  ",Bergen,17
"Vintage Cars",USA,"San Rafael",17
"Classic Cars",USA,NYC,17
"Vintage Cars",Italy,Torino,17
"Classic Cars",Switzerland,GenÃƒÂ¨ve,17
"Classic Cars",Germany,KÃƒÂ¶ln,17
"Vintage Cars",USA,"San Rafael",17
"Trucks and Buses",Spain,Madrid,17
"Classic Cars","Norway  ",Bergen,17
"Classic Cars","Norway  ",Bergen,17
"Classic Cars",USA,NYC,17
"Classic Cars",Switzerland,GenÃƒÂ¨ve,17
"Vintage Cars",UK,Manchester,17
"Vintage Cars",USA,"San Rafael",17
Ships,Finland,Oulu,17
Planes,Finland,Oulu,17
"Classic Cars",France,Marseille,17
"Classic Cars","Norway  ",Bergen,17
Planes,Japan,Kita-ku,17
"Classic Cars",Switzerland,GenÃƒÂ¨ve,17
"Classic Cars",Switzerland,GenÃƒÂ¨ve,17
"Vintage Cars",UK,Manchester,17
Motorcycles,Germany,KÃƒÂ¶ln,17
"Classic Cars",USA,"San Rafael",17
"Vintage Cars",Spain,Madrid,17
Ships,Finland,Oulu,17
"Trucks and Buses",Spain,Madrid,17
"Trucks and Buses",Spain,Madrid,17
"Classic Cars",Italy,Torino,17
"Classic Cars",Switzerland,GenÃƒÂ¨ve,17
"Classic Cars",Switzerland,GenÃƒÂ¨ve,17
"Classic Cars",Germany,KÃƒÂ¶ln,17
Ships,Finland,Oulu,17
"Vintage Cars",USA,NYC,17
Planes,Japan,Kita-ku,17
Planes,Japan,Kita-ku,17
"Vintage Cars",USA,"San Rafael",17
Ships,Spain,Madrid,17
"Classic Cars",USA,"San Rafael",17
"Classic Cars",USA,NYC,17
"Vintage Cars",France,Versailles,17
"Classic Cars",UK,Manchester,17
"Vintage Cars",UK,Manchester,17
Trains,UK,Manchester,17
Ships,UK,Manchester,17
Ships,Spain,Madrid,17
"Vintage Cars",USA,"San Rafael",17
"Classic Cars",USA,NYC,17
"Classic Cars",UK,Manchester,17
Ships,UK,Manchester,17
"Vintage Cars",Finland,Oulu,17
"Vintage Cars",Finland,Oulu,17
"Classic Cars",France,Marseille,17
"Classic Cars",France,Marseille,17
"Classic Cars",France,Marseille,17
"Classic Cars",USA,"San Rafael",17
"Classic Cars",USA,"San Rafael",17
"Classic Cars",USA,NYC,17
"Vintage Cars",USA,NYC,17
Planes,Japan,Kita-ku,17
Planes,Japan,Kita-ku,17
"Vintage Cars",Italy,Torino,17
"Vintage Cars",Italy,Torino,17
"Classic Cars",Spain,Madrid,17
"Vintage Cars",Spain,Madrid,17
"Classic Cars",France,Marseille,17
"Classic Cars","Norway  ",Bergen,17
"Classic Cars","Norway  ",Bergen,17
"Classic Cars",USA,NYC,17
"Trucks and Buses",Italy,Torino,17
"Vintage Cars",USA,"San Rafael",17
"Classic Cars",France,Marseille,17
Motorcycles,Japan,Kita-ku,17
"Vintage Cars",Italy,Torino,17
"Vintage Cars",France,Versailles,17
Ships,Spain,Madrid,17
Motorcycles,France,Marseille,17
"Classic Cars",France,Marseille,17
"Vintage Cars",Spain,Madrid,17
"Classic Cars","Norway  ",Bergen,17
"Classic Cars",USA,"San Rafael",17
"Vintage Cars",USA,NYC,17
"Vintage Cars",France,Versailles,17
"Classic Cars",Germany,KÃƒÂ¶ln,17
"Classic Cars",Germany,KÃƒÂ¶ln,17
"Vintage Cars",USA,"San Rafael",17
"Vintage Cars",Finland,Oulu,17
"Classic Cars",Norway,Stavern,16
"Classic Cars",Norway,Stavern,16
"Trucks and Buses",Norway,Stavern,16
"Trucks and Buses",Norway,Stavern,16
"Trucks and Buses",Norway,Stavern,16
"Vintage Cars",Norway,Stavern,16
"Vintage Cars",Norway,Stavern,16
"Vintage Cars",Norway,Stavern,16
"Vintage Cars",Norway,Stavern,16
"Trucks and Buses",Norway,Stavern,16
"Vintage Cars",Norway,Stavern,16
"Trucks and Buses",Norway,Stavern,16
"Vintage Cars",Norway,Stavern,16
"Trucks and Buses",Norway,Stavern,16
"Trucks and Buses",Norway,Stavern,16
"Classic Cars",Norway,Stavern,16
"Classic Cars",UK,Manchester,16
"Vintage Cars",UK,Manchester,16
"Vintage Cars",UK,Manchester,16
"Vintage Cars",UK,Manchester,16
"Vintage Cars",UK,Manchester,16
"Vintage Cars",UK,Manchester,16
"Classic Cars",UK,Manchester,16
"Classic Cars",UK,Manchester,16
"Classic Cars",UK,Manchester,16
"Vintage Cars",UK,Manchester,16
"Vintage Cars",UK,Manchester,16
"Classic Cars",UK,Manchester,16
"Classic Cars",UK,Manchester,16
"Classic Cars",UK,Manchester,16
"Classic Cars",UK,Manchester,16
"Vintage Cars",UK,Manchester,16
"Classic Cars",USA,"San Rafael",16
Ships,USA,"New Bedford",16
"Vintage Cars",Australia,"Glen Waverly",16
"Trucks and Buses",USA,Boston,16
"Vintage Cars",Sweden,BrÃƒÂ¤cke,16
Planes,Sweden,BrÃƒÂ¤cke,16
"Vintage Cars",Australia,"Glen Waverly",16
"Classic Cars",Spain,Madrid,16
"Vintage Cars",Spain,Madrid,16
Ships,Spain,Madrid,16
Motorcycles,USA,"White Plains",16
"Classic Cars",USA,"New Bedford",16
"Vintage Cars",Italy,Bergamo,16
"Classic Cars",USA,Nashua,16
"Classic Cars",USA,Nashua,16
"Classic Cars",Spain,Madrid,16
"Vintage Cars",Spain,Madrid,16
Planes,Spain,Madrid,16
"Vintage Cars",USA,"White Plains",16
"Classic Cars",USA,"San Rafael",16
"Vintage Cars",USA,"New Bedford",16
"Vintage Cars",USA,"New Bedford",16
"Classic Cars",USA,Nashua,16
Planes,Spain,Madrid,16
Planes,USA,"White Plains",16
Motorcycles,USA,Pasadena,16
Planes,USA,Pasadena,16
Ships,Sweden,BrÃƒÂ¤cke,16
"Classic Cars",USA,Nashua,16
"Classic Cars",USA,Nashua,16
"Vintage Cars",Australia,"Glen Waverly",16
"Classic Cars",USA,Boston,16
"Classic Cars",USA,Boston,16
"Classic Cars",Spain,Madrid,16
Planes,USA,"White Plains",16
Motorcycles,USA,"San Rafael",16
"Classic Cars",Philippines,"Makati City",16
"Classic Cars",Philippines,"Makati City",16
Motorcycles,USA,Pasadena,16
"Vintage Cars",Italy,Bergamo,16
"Classic Cars",USA,Nashua,16
"Vintage Cars",Australia,"Glen Waverly",16
"Vintage Cars",Australia,"Glen Waverly",16
"Vintage Cars",Australia,"Glen Waverly",16
Ships,USA,"San Rafael",16
Planes,USA,"New Bedford",16
Ships,Sweden,BrÃƒÂ¤cke,16
"Vintage Cars",Italy,Bergamo,16
Ships,USA,"New Bedford",16
"Classic Cars",USA,Nashua,16
Planes,Spain,Madrid,16
Planes,USA,"New Bedford",16
Motorcycles,USA,Pasadena,16
Ships,USA,"New Bedford",16
"Trucks and Buses",USA,Boston,16
Planes,Spain,Madrid,16
Planes,Japan,Minato-ku,16
Ships,Japan,Minato-ku,16
"Classic Cars",Philippines,"Makati City",16
"Vintage Cars",USA,"New Bedford",16
Planes,USA,"New Bedford",16
"Trucks and Buses",USA,Boston,16
"Classic Cars",USA,"San Rafael",16
Planes,USA,Pasadena,16
"Vintage Cars",Sweden,BrÃƒÂ¤cke,16
"Vintage Cars",Italy,Bergamo,16
"Vintage Cars",Italy,Bergamo,16
"Classic Cars",USA,Nashua,16
"Vintage Cars",Australia,"Glen Waverly",16
"Trucks and Buses",USA,Boston,16
"Classic Cars",Spain,Madrid,16
"Vintage Cars",Spain,Madrid,16
Planes,USA,"White Plains",16
Motorcycles,Japan,Minato-ku,16
"Classic Cars",USA,"San Rafael",16
Trains,USA,"San Rafael",16
Motorcycles,USA,Pasadena,16
Motorcycles,USA,Pasadena,16
"Classic Cars",Italy,Bergamo,16
"Classic Cars",USA,"New Bedford",16
Ships,USA,"New Bedford",16
"Vintage Cars",Australia,"Glen Waverly",16
"Classic Cars",Spain,Madrid,16
"Vintage Cars",Spain,Madrid,16
Ships,Japan,Minato-ku,16
Motorcycles,USA,"San Rafael",16
Ships,USA,"New Bedford",16
"Classic Cars",Spain,Madrid,16
Planes,Japan,Minato-ku,16
"Vintage Cars",USA,"San Rafael",16
Motorcycles,USA,Pasadena,16
"Classic Cars",USA,Nashua,16
Motorcycles,Japan,Minato-ku,16
Ships,USA,"San Rafael",16
Planes,USA,"New Bedford",16
Planes,USA,Pasadena,16
"Classic Cars",USA,"New Bedford",16
Trains,USA,"New Bedford",16
Planes,Spain,Madrid,16
Planes,USA,"White Plains",16
Planes,Japan,Minato-ku,16
"Classic Cars",Philippines,"Makati City",16
Motorcycles,Philippines,"Makati City",16
"Vintage Cars",Italy,Bergamo,16
"Classic Cars",USA,Nashua,16
"Classic Cars",USA,Boston,16
Trains,USA,Boston,16
"Classic Cars",Spain,Madrid,16
Planes,Spain,Madrid,16
Ships,Spain,Madrid,16
Motorcycles,USA,"White Plains",16
"Classic Cars",USA,"San Rafael",16
Motorcycles,USA,"San Rafael",16
Motorcycles,Philippines,"Makati City",16
Ships,USA,"San Rafael",16
"Vintage Cars",Italy,Bergamo,16
"Classic Cars",USA,"New Bedford",16
"Classic Cars",USA,Nashua,16
"Classic Cars",USA,Boston,16
Motorcycles,Japan,Minato-ku,16
"Vintage Cars",USA,"San Rafael",16
"Classic Cars",USA,Nashua,16
"Classic Cars",Spain,Madrid,16
"Vintage Cars",Japan,Minato-ku,16
Motorcycles,USA,"San Rafael",16
"Classic Cars",Philippines,"Makati City",16
"Classic Cars",USA,"San Rafael",16
"Vintage Cars",USA,"New Bedford",16
"Vintage Cars",Sweden,BrÃƒÂ¤cke,16
Ships,Sweden,BrÃƒÂ¤cke,16
"Classic Cars",Spain,Madrid,16
Planes,USA,"White Plains",16
"Classic Cars",Philippines,"Makati City",16
Motorcycles,USA,Pasadena,16
"Vintage Cars",Sweden,BrÃƒÂ¤cke,16
"Classic Cars",Italy,Bergamo,16
Planes,USA,"White Plains",16
Planes,Japan,Minato-ku,16
"Classic Cars",Philippines,"Makati City",16
"Classic Cars",USA,"San Rafael",16
"Classic Cars",USA,"San Rafael",16
"Classic Cars",USA,Nashua,16
Planes,Spain,Madrid,16
Motorcycles,USA,"San Rafael",16
"Classic Cars",Philippines,"Makati City",16
Ships,USA,"New Bedford",16
Ships,Sweden,BrÃƒÂ¤cke,16
Planes,Sweden,BrÃƒÂ¤cke,16
"Classic Cars",USA,"New Bedford",16
"Classic Cars",Australia,"Glen Waverly",16
"Classic Cars",USA,Boston,16
Planes,Spain,Madrid,16
Motorcycles,USA,"White Plains",16
"Classic Cars",USA,"San Rafael",16
"Classic Cars",USA,"San Rafael",16
Motorcycles,Philippines,"Makati City",16
Trains,USA,"San Rafael",16
Motorcycles,USA,Pasadena,16
"Vintage Cars",Spain,Madrid,16
Planes,Spain,Madrid,16
Planes,USA,"White Plains",16
Motorcycles,Japan,Minato-ku,16
"Classic Cars",Philippines,"Makati City",16
Planes,Sweden,BrÃƒÂ¤cke,16
"Vintage Cars",Italy,Bergamo,16
"Vintage Cars",Australia,"Glen Waverly",16
"Classic Cars",Spain,Madrid,16
Planes,USA,"White Plains",16
"Classic Cars",USA,"San Rafael",16
"Classic Cars",USA,"San Rafael",16
Motorcycles,USA,Pasadena,16
Trains,USA,"New Bedford",16
Ships,USA,"New Bedford",16
"Classic Cars",USA,Nashua,16
"Trucks and Buses",USA,Boston,16
"Trucks and Buses",USA,Boston,16
Motorcycles,Philippines,"Makati City",16
Ships,USA,"San Rafael",16
Ships,USA,"San Rafael",16
Motorcycles,USA,Pasadena,16
Ships,Sweden,BrÃƒÂ¤cke,16
"Vintage Cars",Italy,Bergamo,16
"Vintage Cars",USA,"New Bedford",16
"Vintage Cars",Japan,Minato-ku,16
Planes,USA,Pasadena,16
"Classic Cars",USA,Nashua,16
"Vintage Cars",Australia,"Glen Waverly",16
"Vintage Cars",Australia,"Glen Waverly",16
"Classic Cars",Spain,Madrid,16
"Classic Cars",Spain,Madrid,16
Motorcycles,USA,"White Plains",16
Planes,Japan,Minato-ku,16
"Vintage Cars",USA,"San Rafael",16
Ships,Sweden,BrÃƒÂ¤cke,16
"Vintage Cars",Italy,Bergamo,16
"Vintage Cars",Italy,Bergamo,16
Ships,USA,"New Bedford",16
"Vintage Cars",Australia,"Glen Waverly",16
"Trucks and Buses",USA,Boston,16
"Classic Cars",USA,Boston,16
"Trucks and Buses",USA,Boston,16
Motorcycles,USA,"White Plains",16
Planes,USA,"White Plains",16
Planes,Japan,Minato-ku,16
"Classic Cars",Philippines,"Makati City",16
Ships,USA,"San Rafael",16
Planes,USA,"New Bedford",16
Ships,USA,"New Bedford",16
Motorcycles,USA,Pasadena,16
"Vintage Cars",Italy,Bergamo,16
"Vintage Cars",Italy,Bergamo,16
"Vintage Cars",USA,"New Bedford",16
"Vintage Cars",Australia,"Glen Waverly",16
"Vintage Cars",Australia,"Glen Waverly",16
"Classic Cars",Spain,Madrid,16
"Vintage Cars",Japan,Minato-ku,16
"Classic Cars",USA,"San Rafael",16
"Vintage Cars",USA,"San Rafael",16
Motorcycles,Philippines,"Makati City",16
"Vintage Cars",Italy,Bergamo,16
Ships,USA,"New Bedford",16
"Vintage Cars",USA,"New Bedford",16
"Vintage Cars",Australia,"Glen Waverly",16
"Classic Cars",USA,Boston,16
"Classic Cars",Spain,Madrid,16
Planes,USA,"New Bedford",16
"Classic Cars",Sweden,BrÃƒÂ¤cke,16
Ships,Sweden,BrÃƒÂ¤cke,16
"Classic Cars",USA,Nashua,16
"Vintage Cars",USA,"White Plains",16
Ships,Japan,Minato-ku,16
"Classic Cars",Philippines,"Makati City",16
Trains,USA,"San Rafael",16
Planes,USA,"New Bedford",16
Planes,USA,"New Bedford",16
Motorcycles,USA,Pasadena,16
Ships,Sweden,BrÃƒÂ¤cke,16
"Classic Cars",Spain,Madrid,16
"Classic Cars",Spain,Madrid,16
"Vintage Cars",USA,"San Rafael",16
"Classic Cars",Denmark,Kobenhavn,15
"Classic Cars",Denmark,Kobenhavn,15
"Classic Cars",Denmark,Kobenhavn,15
"Vintage Cars",Denmark,Kobenhavn,15
Trains,Denmark,Kobenhavn,15
"Vintage Cars",Denmark,Kobenhavn,15
Ships,Denmark,Kobenhavn,15
"Vintage Cars",Denmark,Kobenhavn,15
"Vintage Cars",Denmark,Kobenhavn,15
Ships,Denmark,Kobenhavn,15
Ships,Denmark,Kobenhavn,15
Ships,Denmark,Kobenhavn,15
Ships,Denmark,Kobenhavn,15
Ships,Denmark,Kobenhavn,15
Ships,Denmark,Kobenhavn,15
Motorcycles,Australia,Melbourne,15
Motorcycles,Australia,Melbourne,15
Planes,Australia,Melbourne,15
Motorcycles,Australia,Melbourne,15
Motorcycles,Australia,Melbourne,15
Planes,Australia,Melbourne,15
Motorcycles,Australia,Melbourne,15
Planes,Australia,Melbourne,15
Motorcycles,Australia,Melbourne,15
"Vintage Cars",Australia,Melbourne,15
"Vintage Cars",Australia,Melbourne,15
Planes,Australia,Melbourne,15
Planes,Australia,Melbourne,15
Planes,Australia,Melbourne,15
Planes,Australia,Melbourne,15
"Classic Cars",USA,NYC,15
"Classic Cars",USA,NYC,15
"Classic Cars",USA,NYC,15
"Trucks and Buses",USA,NYC,15
"Classic Cars",USA,NYC,15
"Trucks and Buses",USA,NYC,15
"Classic Cars",USA,NYC,15
"Classic Cars",USA,NYC,15
"Classic Cars",USA,NYC,15
"Classic Cars",USA,NYC,15
"Classic Cars",USA,NYC,15
"Trucks and Buses",USA,NYC,15
Trains,USA,NYC,15
"Trucks and Buses",USA,NYC,15
Trains,USA,NYC,15
Motorcycles,France,Paris,15
"Vintage Cars",France,Lyon,15
"Classic Cars",Italy,"Reggio Emilia",15
"Classic Cars",Denmark,Ãƒâ€¦rhus,15
Ships,Denmark,Ãƒâ€¦rhus,15
"Classic Cars",USA,"New Bedford",15
"Classic Cars",Finland,Espoo,15
Trains,France,Lyon,15
Ships,France,Lyon,15
"Classic Cars",France,Paris,15
"Vintage Cars",France,Lyon,15
"Classic Cars",Italy,"Reggio Emilia",15
"Vintage Cars",Belgium,Bruxelles,15
"Vintage Cars",Denmark,Ãƒâ€¦rhus,15
Trains,Denmark,Ãƒâ€¦rhus,15
"Classic Cars",USA,"New Bedford",15
Ships,Belgium,Bruxelles,15
Ships,Belgium,Bruxelles,15
Trains,Denmark,Ãƒâ€¦rhus,15
Planes,Australia,Melbourne,15
"Classic Cars",Denmark,Ãƒâ€¦rhus,15
Trains,Denmark,Ãƒâ€¦rhus,15
"Classic Cars",USA,"New Bedford",15
"Classic Cars",Finland,Espoo,15
Motorcycles,France,Nantes,15
Ships,France,Lyon,15
Motorcycles,France,Paris,15
"Classic Cars",USA,"New Bedford",15
Motorcycles,USA,NYC,15
Planes,France,Nantes,15
Motorcycles,France,Paris,15
Motorcycles,Australia,Melbourne,15
Motorcycles,Australia,Melbourne,15
"Classic Cars",Italy,"Reggio Emilia",15
"Classic Cars",USA,"New Bedford",15
"Classic Cars",France,Lyon,15
"Classic Cars",France,Lyon,15
"Classic Cars",Belgium,Bruxelles,15
Motorcycles,USA,NYC,15
Motorcycles,Finland,Espoo,15
Planes,France,Nantes,15
Ships,France,Lyon,15
"Vintage Cars",France,Lyon,15
"Classic Cars",Denmark,Ãƒâ€¦rhus,15
Motorcycles,Finland,Espoo,15
"Classic Cars",France,Nantes,15
"Classic Cars",Italy,"Reggio Emilia",15
"Trucks and Buses",Denmark,Ãƒâ€¦rhus,15
"Trucks and Buses",Denmark,Ãƒâ€¦rhus,15
Motorcycles,USA,NYC,15
"Classic Cars",Finland,Espoo,15
Planes,France,Nantes,15
Planes,France,Nantes,15
"Classic Cars",France,Paris,15
"Vintage Cars",Australia,Melbourne,15
Ships,Belgium,Bruxelles,15
Motorcycles,USA,NYC,15
Motorcycles,Finland,Espoo,15
Motorcycles,France,Nantes,15
"Classic Cars",France,Lyon,15
"Vintage Cars",France,Lyon,15
Motorcycles,France,Paris,15
Planes,Australia,Melbourne,15
"Vintage Cars",France,Lyon,15
"Classic Cars",Italy,"Reggio Emilia",15
"Classic Cars",USA,"New Bedford",15
Motorcycles,France,Nantes,15
Ships,France,Lyon,15
"Classic Cars",France,Lyon,15
Motorcycles,USA,NYC,15
"Classic Cars",Finland,Espoo,15
"Classic Cars",Finland,Espoo,15
Trains,France,Lyon,15
Ships,France,Lyon,15
"Classic Cars",France,Paris,15
"Classic Cars",France,Paris,15
Ships,Belgium,Bruxelles,15
Ships,Belgium,Bruxelles,15
"Vintage Cars",France,Lyon,15
"Classic Cars",USA,"New Bedford",15
"Classic Cars",Finland,Espoo,15
"Classic Cars",Finland,Espoo,15
Motorcycles,Australia,Melbourne,15
"Classic Cars",Italy,"Reggio Emilia",15
"Classic Cars",Italy,"Reggio Emilia",15
"Classic Cars",Denmark,Ãƒâ€¦rhus,15
Motorcycles,France,Nantes,15
Motorcycles,France,Paris,15
"Classic Cars",France,Lyon,15
"Classic Cars",Denmark,Ãƒâ€¦rhus,15
"Classic Cars",USA,NYC,15
Motorcycles,USA,NYC,15
"Classic Cars",Finland,Espoo,15
Planes,Australia,Melbourne,15
"Vintage Cars",France,Lyon,15
"Vintage Cars",France,Lyon,15
"Vintage Cars",France,Lyon,15
"Classic Cars",Italy,"Reggio Emilia",15
"Classic Cars",USA,"New Bedford",15
Motorcycles,USA,NYC,15
Planes,USA,NYC,15
"Classic Cars",France,Paris,15
Motorcycles,Australia,Melbourne,15
"Classic Cars",Italy,"Reggio Emilia",15
Ships,France,Lyon,15
"Classic Cars",France,Paris,15
Motorcycles,France,Paris,15
Planes,Australia,Melbourne,15
"Vintage Cars",France,Lyon,15
"Classic Cars",USA,"New Bedford",15
"Classic Cars",Finland,Espoo,15
Motorcycles,France,Paris,15
Motorcycles,Australia,Melbourne,15
"Vintage Cars",France,Lyon,15
"Classic Cars",Italy,"Reggio Emilia",15
Motorcycles,France,Paris,15
"Classic Cars",Italy,"Reggio Emilia",15
"Vintage Cars",Belgium,Bruxelles,15
Ships,Belgium,Bruxelles,15
Ships,Belgium,Bruxelles,15
"Classic Cars",Denmark,Ãƒâ€¦rhus,15
"Classic Cars",USA,"New Bedford",15
Motorcycles,France,Nantes,15
"Vintage Cars",France,Lyon,15
Motorcycles,France,Nantes,15
"Vintage Cars",France,Nantes,15
"Vintage Cars",France,Nantes,15
"Classic Cars",Italy,"Reggio Emilia",15
"Classic Cars",Italy,"Reggio Emilia",15
"Classic Cars",Italy,"Reggio Emilia",15
"Classic Cars",Italy,"Reggio Emilia",15
"Vintage Cars",Belgium,Bruxelles,15
Motorcycles,USA,NYC,15
"Classic Cars",Finland,Espoo,15
Planes,France,Nantes,15
Ships,France,Lyon,15
"Vintage Cars",Australia,Melbourne,15
"Classic Cars",USA,"New Bedford",15
"Classic Cars",USA,"New Bedford",15
"Classic Cars",USA,NYC,15
"Classic Cars",USA,NYC,15
"Classic Cars",USA,NYC,15
"Classic Cars",France,Lyon,15
"Classic Cars",France,Paris,15
Planes,Australia,Melbourne,15
"Vintage Cars",France,Lyon,15
"Classic Cars",Denmark,Ãƒâ€¦rhus,15
"Classic Cars",USA,"New Bedford",15
Planes,Australia,Melbourne,15
Motorcycles,Australia,Melbourne,15
Motorcycles,Australia,Melbourne,15
"Classic Cars",USA,"New Bedford",15
"Classic Cars",USA,"New Bedford",15
"Classic Cars",USA,NYC,15
Motorcycles,France,Nantes,15
"Vintage Cars",Belgium,Bruxelles,15
"Vintage Cars",Belgium,Bruxelles,15
Ships,Belgium,Bruxelles,15
"Classic Cars",Denmark,Ãƒâ€¦rhus,15
"Classic Cars",Finland,Espoo,15
Motorcycles,Finland,Espoo,15
"Vintage Cars",France,Lyon,15
"Classic Cars",France,Lyon,15
Trains,Belgium,Bruxelles,15
"Classic Cars",USA,NYC,15
"Classic Cars",Switzerland,GenÃƒÂ¨ve,14
Ships,Canada,Tsawassen,14
"Vintage Cars",Sweden,BrÃƒÂ¤cke,14
"Vintage Cars",USA,Nashua,14
"Trucks and Buses",USA,NYC,14
"Classic Cars",Spain,Madrid,14
Planes,Italy,"Reggio Emilia",14
"Classic Cars",Austria,Salzburg,14
"Trucks and Buses",USA,Cambridge,14
Planes,Italy,Bergamo,14
"Classic Cars",USA,Philadelphia,14
"Classic Cars",USA,Philadelphia,14
"Vintage Cars",Australia,Chatswood,14
Ships,USA,Boston,14
"Classic Cars",Austria,Salzburg,14
Planes,Austria,Salzburg,14
Planes,Spain,Barcelona,14
Planes,USA,"San Jose",14
"Classic Cars",UK,Liverpool,14
"Trucks and Buses",USA,Allentown,14
Ships,Canada,Tsawassen,14
"Vintage Cars",Singapore,Singapore,14
"Classic Cars",Singapore,Singapore,14
"Vintage Cars",Singapore,Singapore,14
"Trucks and Buses",Sweden,BrÃƒÂ¤cke,14
"Vintage Cars",Sweden,BrÃƒÂ¤cke,14
"Classic Cars",USA,Cambridge,14
"Trucks and Buses",USA,NYC,14
"Vintage Cars",USA,NYC,14
"Trucks and Buses",USA,NYC,14
Planes,Italy,Bergamo,14
Planes,Italy,Bergamo,14
Planes,Australia,Chatswood,14
"Classic Cars",Australia,"North Sydney",14
"Vintage Cars",USA,NYC,14
Ships,USA,NYC,14
Ships,USA,NYC,14
"Vintage Cars",USA,"San Jose",14
Planes,USA,"San Jose",14
Planes,USA,"San Jose",14
"Vintage Cars",Canada,Tsawassen,14
Planes,Italy,Bergamo,14
"Trucks and Buses",Spain,Madrid,14
"Vintage Cars",USA,Boston,14
"Classic Cars",Australia,"North Sydney",14
"Vintage Cars",Spain,Barcelona,14
Ships,Spain,Barcelona,14
"Classic Cars",Switzerland,GenÃƒÂ¨ve,14
Planes,USA,"San Jose",14
"Vintage Cars",Singapore,Singapore,14
"Classic Cars",Sweden,BrÃƒÂ¤cke,14
Planes,Germany,Munich,14
"Trucks and Buses",USA,Cambridge,14
"Classic Cars",USA,Philadelphia,14
"Vintage Cars",Spain,Madrid,14
Planes,Australia,Chatswood,14
Planes,Australia,Chatswood,14
"Vintage Cars",USA,Boston,14
Motorcycles,Italy,"Reggio Emilia",14
"Classic Cars",Australia,"North Sydney",14
Ships,Spain,Barcelona,14
"Vintage Cars",USA,NYC,14
"Classic Cars",USA,Brickhaven,14
"Classic Cars",Singapore,Singapore,14
"Vintage Cars",Germany,Munich,14
"Classic Cars",USA,Cambridge,14
"Vintage Cars",USA,Nashua,14
"Classic Cars",USA,NYC,14
"Vintage Cars",USA,Boston,14
Planes,Austria,Salzburg,14
Motorcycles,France,Lille,14
Motorcycles,France,Lille,14
"Trucks and Buses",USA,"San Rafael",14
Planes,USA,"San Jose",14
"Trucks and Buses",Sweden,BrÃƒÂ¤cke,14
"Vintage Cars",USA,Nashua,14
"Classic Cars",Spain,Madrid,14
"Classic Cars",Spain,Madrid,14
Motorcycles,Australia,Chatswood,14
Ships,Australia,Chatswood,14
Planes,Italy,"Reggio Emilia",14
Motorcycles,France,Lille,14
"Vintage Cars",Spain,Barcelona,14
Ships,Spain,Barcelona,14
"Trucks and Buses",USA,"San Rafael",14
"Vintage Cars",USA,Nashua,14
Planes,Italy,Bergamo,14
Motorcycles,USA,Philadelphia,14
"Classic Cars",Spain,Madrid,14
"Vintage Cars",Italy,"Reggio Emilia",14
"Vintage Cars",Italy,"Reggio Emilia",14
"Classic Cars",Austria,Salzburg,14
"Vintage Cars",Austria,Salzburg,14
"Classic Cars",Switzerland,GenÃƒÂ¨ve,14
"Classic Cars",Switzerland,GenÃƒÂ¨ve,14
"Vintage Cars",USA,"San Jose",14
"Classic Cars",UK,Liverpool,14
"Classic Cars",USA,Brickhaven,14
"Vintage Cars",Singapore,Singapore,14
"Vintage Cars",Sweden,BrÃƒÂ¤cke,14
"Classic Cars",USA,NYC,14
"Classic Cars",USA,NYC,14
"Trucks and Buses",USA,NYC,14
Ships,Spain,Barcelona,14
"Classic Cars",Switzerland,GenÃƒÂ¨ve,14
"Classic Cars",Switzerland,GenÃƒÂ¨ve,14
"Trucks and Buses",USA,"San Rafael",14
"Trucks and Buses",USA,Allentown,14
"Trucks and Buses",USA,Allentown,14
"Classic Cars",Singapore,Singapore,14
"Trucks and Buses",Spain,Madrid,14
Planes,Australia,Chatswood,14
Planes,Austria,Salzburg,14
Motorcycles,France,Lille,14
Ships,Spain,Barcelona,14
"Classic Cars",USA,NYC,14
Ships,Canada,Tsawassen,14
"Classic Cars",Singapore,Singapore,14
"Trucks and Buses",Sweden,BrÃƒÂ¤cke,14
"Classic Cars",USA,Cambridge,14
"Classic Cars",USA,NYC,14
"Trucks and Buses",Spain,Madrid,14
Ships,Spain,Barcelona,14
"Classic Cars",USA,"San Rafael",14
Planes,USA,"San Jose",14
Motorcycles,USA,Brickhaven,14
"Classic Cars",USA,Allentown,14
"Trucks and Buses",USA,Allentown,14
"Classic Cars",Singapore,Singapore,14
Planes,Germany,Munich,14
"Classic Cars",USA,Philadelphia,14
"Vintage Cars",Australia,Chatswood,14
"Classic Cars",USA,Boston,14
"Vintage Cars",Austria,Salzburg,14
"Classic Cars",Spain,Barcelona,14
Trains,USA,NYC,14
"Classic Cars",USA,Brickhaven,14
Motorcycles,USA,Brickhaven,14
"Classic Cars",Canada,Tsawassen,14
"Classic Cars",Sweden,BrÃƒÂ¤cke,14
Planes,Germany,Munich,14
"Vintage Cars",USA,Nashua,14
"Classic Cars",USA,Philadelphia,14
Motorcycles,USA,Philadelphia,14
"Vintage Cars",Australia,Chatswood,14
Planes,Italy,"Reggio Emilia",14
"Classic Cars",Austria,Salzburg,14
"Vintage Cars",Australia,"North Sydney",14
"Classic Cars",Australia,"North Sydney",14
"Classic Cars",UK,Liverpool,14
"Classic Cars",Singapore,Singapore,14
"Classic Cars",Spain,Madrid,14
Ships,Austria,Salzburg,14
Planes,USA,"San Jose",14
Ships,Canada,Tsawassen,14
Ships,Canada,Tsawassen,14
"Classic Cars",USA,Nashua,14
"Trucks and Buses",USA,Nashua,14
"Vintage Cars",Italy,Bergamo,14
"Classic Cars",USA,Philadelphia,14
"Classic Cars",USA,Philadelphia,14
Planes,Australia,Chatswood,14
Planes,Italy,"Reggio Emilia",14
"Trucks and Buses",USA,"San Rafael",14
Trains,USA,Boston,14
"Classic Cars",Australia,"North Sydney",14
Motorcycles,France,Lille,14
"Classic Cars",Switzerland,GenÃƒÂ¨ve,14
"Trucks and Buses",USA,"San Rafael",14
"Classic Cars",UK,Liverpool,14
"Classic Cars",UK,Liverpool,14
"Classic Cars",UK,Liverpool,14
"Trucks and Buses",USA,Allentown,14
"Vintage Cars",Canada,Tsawassen,14
"Classic Cars",Singapore,Singapore,14
"Vintage Cars",USA,NYC,14
"Classic Cars",Spain,Madrid,14
"Classic Cars",Austria,Salzburg,14
Motorcycles,France,Lille,14
Motorcycles,France,Lille,14
Motorcycles,France,Lille,14
"Vintage Cars",USA,"San Rafael",14
"Vintage Cars",USA,NYC,14
"Vintage Cars",USA,NYC,14
"Classic Cars",UK,Liverpool,14
"Classic Cars",UK,Liverpool,14
"Classic Cars",Sweden,BrÃƒÂ¤cke,14
"Trucks and Buses",USA,Cambridge,14
"Vintage Cars",USA,Nashua,14
"Trucks and Buses",USA,NYC,14
"Classic Cars",USA,Philadelphia,14
"Classic Cars",USA,Philadelphia,14
Motorcycles,Italy,"Reggio Emilia",14
Ships,Austria,Salzburg,14
"Classic Cars",Australia,"North Sydney",14
Ships,USA,NYC,14
Planes,USA,"San Jose",14
Ships,Canada,Tsawassen,14
"Vintage Cars",USA,Nashua,14
"Classic Cars",Spain,Madrid,14
"Classic Cars",Austria,Salzburg,14
"Classic Cars",Austria,Salzburg,14
Ships,Austria,Salzburg,14
Ships,Austria,Salzburg,14
Motorcycles,France,Lille,14
"Classic Cars",France,Lille,14
"Classic Cars",UK,Liverpool,14
"Vintage Cars",Canada,Tsawassen,14
Planes,Canada,Tsawassen,14
"Classic Cars",USA,Nashua,14
"Classic Cars",USA,NYC,14
Planes,Italy,"Reggio Emilia",14
"Classic Cars",Austria,Salzburg,14
"Classic Cars",Switzerland,GenÃƒÂ¨ve,14
"Classic Cars",USA,"San Rafael",14
"Classic Cars",USA,"San Rafael",14
"Classic Cars",UK,Liverpool,14
"Classic Cars",USA,Brickhaven,14
"Classic Cars",USA,Allentown,14
"Trucks and Buses",Sweden,BrÃƒÂ¤cke,14
"Trucks and Buses",Sweden,BrÃƒÂ¤cke,14
Planes,Germany,Munich,14
Planes,Italy,Bergamo,14
"Classic Cars",USA,Philadelphia,14
Planes,Australia,Chatswood,14
"Trucks and Buses",USA,"San Rafael",14
Motorcycles,USA,"San Jose",14
Planes,USA,"San Jose",14
"Classic Cars",UK,Liverpool,14
Ships,Canada,Tsawassen,14
"Vintage Cars",Singapore,Singapore,14
"Trucks and Buses",Sweden,BrÃƒÂ¤cke,14
Planes,Germany,Munich,14
"Vintage Cars",Italy,Bergamo,14
Planes,Italy,"Reggio Emilia",14
"Classic Cars",Austria,Salzburg,14
"Classic Cars",Austria,Salzburg,14
"Classic Cars",Australia,"North Sydney",14
"Classic Cars",Australia,"North Sydney",14
"Classic Cars",Australia,"North Sydney",14
Motorcycles,France,Lille,14
"Classic Cars",Switzerland,GenÃƒÂ¨ve,14
"Trucks and Buses",USA,"San Rafael",14
Motorcycles,USA,Brickhaven,14
"Vintage Cars",Canada,Tsawassen,14
"Trucks and Buses",USA,Cambridge,14
"Trucks and Buses",USA,Cambridge,14
"Classic Cars",USA,NYC,14
Ships,USA,Boston,14
Planes,Italy,"Reggio Emilia",14
"Classic Cars",Austria,Salzburg,14
"Classic Cars",Australia,"North Sydney",14
Ships,Spain,Barcelona,14
"Trucks and Buses",USA,Nashua,14
"Vintage Cars",Italy,Bergamo,14
Planes,Australia,Chatswood,14
Ships,USA,Boston,14
Planes,Italy,"Reggio Emilia",14
"Classic Cars",Australia,"North Sydney",14
Ships,USA,NYC,14
Motorcycles,USA,"San Jose",14
"Classic Cars",UK,Liverpool,14
"Classic Cars",USA,Brickhaven,14
Motorcycles,USA,Brickhaven,14
Ships,Canada,Tsawassen,14
"Vintage Cars",Singapore,Singapore,14
Planes,Germany,Munich,14
"Classic Cars",USA,NYC,14
"Vintage Cars",Spain,Madrid,14
"Classic Cars",Austria,Salzburg,14
"Vintage Cars",Austria,Salzburg,14
Ships,Spain,Barcelona,14
"Vintage Cars",Spain,Barcelona,14
"Trucks and Buses",USA,"San Rafael",14
"Classic Cars",USA,"San Rafael",14
"Classic Cars",USA,Brickhaven,14
"Vintage Cars",USA,Allentown,14
"Trucks and Buses",USA,Allentown,14
"Vintage Cars",Germany,Munich,14
"Vintage Cars",Germany,Munich,14
"Vintage Cars",Italy,Bergamo,14
Planes,Italy,Bergamo,14
Planes,Italy,"Reggio Emilia",14
Planes,Austria,Salzburg,14
"Vintage Cars",Austria,Salzburg,14
"Classic Cars",Australia,"North Sydney",14
Motorcycles,France,Lille,14
"Classic Cars",Switzerland,GenÃƒÂ¨ve,14
Ships,USA,NYC,14
Planes,USA,"San Jose",14
"Classic Cars",USA,Brickhaven,14
"Classic Cars",USA,Allentown,14
"Trucks and Buses",Sweden,BrÃƒÂ¤cke,14
"Trucks and Buses",USA,Cambridge,14
Ships,Italy,Bergamo,14
Ships,USA,Boston,14
Ships,USA,Boston,14
"Classic Cars",Austria,Salzburg,14
"Trucks and Buses",USA,Allentown,14
Ships,Germany,Munich,14
"Trucks and Buses",USA,Cambridge,14
"Vintage Cars",USA,Nashua,14
Planes,Italy,Bergamo,14
Ships,USA,Boston,14
"Classic Cars",Austria,Salzburg,14
"Classic Cars",Switzerland,GenÃƒÂ¨ve,14
Ships,USA,NYC,14
"Classic Cars",UK,Liverpool,14
"Classic Cars",USA,Brickhaven,14
Motorcycles,USA,Brickhaven,14
"Trucks and Buses",USA,Allentown,14
"Trucks and Buses",USA,Allentown,14
"Classic Cars",Singapore,Singapore,14
Planes,Italy,Bergamo,14
Motorcycles,USA,Philadelphia,14
"Vintage Cars",USA,Boston,14
Ships,USA,Boston,14
"Classic Cars",Australia,"North Sydney",14
Motorcycles,France,Lille,14
"Vintage Cars",Spain,Barcelona,14
"Classic Cars",Switzerland,GenÃƒÂ¨ve,14
"Trucks and Buses",USA,"San Rafael",14
Ships,USA,NYC,14
Motorcycles,USA,Brickhaven,14
Planes,Germany,Munich,14
Ships,Germany,Munich,14
Planes,Germany,Munich,14
"Classic Cars",USA,Cambridge,14
"Vintage Cars",USA,Nashua,14
"Trucks and Buses",USA,Nashua,14
"Vintage Cars",USA,Philadelphia,14
Planes,Australia,Chatswood,14
Planes,Italy,"Reggio Emilia",14
"Classic Cars",Austria,Salzburg,14
Planes,Austria,Salzburg,14
"Classic Cars",Switzerland,GenÃƒÂ¨ve,14
Ships,USA,NYC,14
"Classic Cars",USA,Allentown,14
"Vintage Cars",Sweden,BrÃƒÂ¤cke,14
"Vintage Cars",Germany,Munich,14
"Trucks and Buses",USA,Cambridge,14
"Classic Cars",USA,Cambridge,14
"Classic Cars",USA,Cambridge,14
"Trucks and Buses",Spain,Madrid,14
"Trucks and Buses",Spain,Madrid,14
Motorcycles,Australia,Chatswood,14
"Classic Cars",France,Lille,14
"Classic Cars",Switzerland,GenÃƒÂ¨ve,14
"Classic Cars",UK,Liverpool,14
Ships,USA,Boston,14
"Classic Cars",Spain,Madrid,13
"Trucks and Buses",Spain,Madrid,13
"Classic Cars",Spain,Madrid,13
"Trucks and Buses",Spain,Madrid,13
"Classic Cars",Spain,Madrid,13
"Classic Cars",Spain,Madrid,13
"Classic Cars",Spain,Madrid,13
"Classic Cars",Spain,Madrid,13
"Classic Cars",Spain,Madrid,13
"Trucks and Buses",Spain,Madrid,13
Trains,Spain,Madrid,13
"Trucks and Buses",Spain,Madrid,13
Trains,Spain,Madrid,13
"Vintage Cars",USA,"Las Vegas",13
"Vintage Cars",USA,"Las Vegas",13
"Vintage Cars",USA,"Las Vegas",13
"Vintage Cars",USA,"Las Vegas",13
"Classic Cars",USA,"Las Vegas",13
"Classic Cars",USA,"Las Vegas",13
"Vintage Cars",USA,"Las Vegas",13
"Vintage Cars",USA,"Las Vegas",13
"Classic Cars",USA,"Las Vegas",13
"Classic Cars",USA,"Las Vegas",13
"Classic Cars",USA,"Las Vegas",13
"Classic Cars",USA,"Las Vegas",13
"Vintage Cars",USA,"Las Vegas",13
Ships,Spain,Madrid,13
Planes,Finland,Helsinki,13
Ships,Finland,Helsinki,13
Planes,Finland,Helsinki,13
"Classic Cars",USA,"San Rafael",13
"Classic Cars",USA,Pasadena,13
"Vintage Cars",Spain,Madrid,13
"Classic Cars",Spain,Madrid,13
"Classic Cars",Spain,Madrid,13
"Vintage Cars",Australia,Chatswood,13
"Classic Cars",France,Nantes,13
"Vintage Cars","New Zealand","Auckland  ",13
Trains,Spain,Madrid,13
"Classic Cars","New Zealand","Auckland  ",13
"Classic Cars","New Zealand","Auckland  ",13
"Classic Cars",USA,"San Rafael",13
Planes,"Norway  ",Oslo,13
"Classic Cars",Spain,Madrid,13
Ships,Spain,Madrid,13
"Classic Cars",Spain,Sevilla,13
"Trucks and Buses",Spain,Madrid,13
"Trucks and Buses",France,Nantes,13
"Vintage Cars",Spain,Madrid,13
Planes,Finland,Helsinki,13
"Classic Cars","New Zealand","Auckland  ",13
"Classic Cars",Singapore,Singapore,13
"Classic Cars",USA,"San Rafael",13
Motorcycles,USA,Cambridge,13
Motorcycles,"New Zealand","Auckland  ",13
Motorcycles,"New Zealand","Auckland  ",13
"Vintage Cars",USA,Pasadena,13
"Trucks and Buses",USA,"San Rafael",13
"Classic Cars","New Zealand","Auckland  ",13
Ships,USA,"San Rafael",13
"Classic Cars",USA,Pasadena,13
"Vintage Cars",Spain,Madrid,13
"Trucks and Buses",USA,"San Rafael",13
"Classic Cars",Spain,Madrid,13
"Vintage Cars",Australia,Chatswood,13
Ships,Spain,Madrid,13
"Classic Cars",Australia,"North Sydney",13
"Trucks and Buses",Singapore,Singapore,13
Motorcycles,"New Zealand","Auckland  ",13
"Vintage Cars",USA,Pasadena,13
"Vintage Cars",Australia,Chatswood,13
"Trucks and Buses",France,Nantes,13
"Vintage Cars","New Zealand","Auckland  ",13
Trains,USA,"San Rafael",13
"Classic Cars",USA,"San Rafael",13
"Classic Cars",Spain,Madrid,13
"Classic Cars",France,Nantes,13
"Trucks and Buses",Spain,Sevilla,13
"Classic Cars",Singapore,Singapore,13
Motorcycles,USA,Cambridge,13
"Classic Cars",Spain,Madrid,13
"Classic Cars",Australia,Chatswood,13
"Vintage Cars","New Zealand","Auckland  ",13
Ships,Spain,Madrid,13
Motorcycles,Australia,"North Sydney",13
Motorcycles,USA,Cambridge,13
"Vintage Cars",Australia,Chatswood,13
Motorcycles,USA,Cambridge,13
"Classic Cars",Spain,Madrid,13
Ships,Spain,Madrid,13
"Classic Cars",Australia,"North Sydney",13
Trains,USA,"San Rafael",13
"Classic Cars","New Zealand","Auckland  ",13
"Vintage Cars",USA,Pasadena,13
"Vintage Cars",Spain,Madrid,13
"Classic Cars",USA,"San Rafael",13
"Vintage Cars",USA,"San Rafael",13
"Trucks and Buses",France,Nantes,13
"Classic Cars",France,Nantes,13
"Classic Cars","New Zealand","Auckland  ",13
"Classic Cars",USA,Pasadena,13
"Classic Cars",Australia,Chatswood,13
"Classic Cars",Australia,Chatswood,13
"Classic Cars","New Zealand","Auckland  ",13
Planes,Finland,Helsinki,13
Motorcycles,Australia,"North Sydney",13
"Classic Cars",Spain,Sevilla,13
Trains,Spain,Sevilla,13
Planes,"Norway  ",Oslo,13
Motorcycles,"New Zealand","Auckland  ",13
"Vintage Cars",USA,Pasadena,13
"Classic Cars",Spain,Madrid,13
Trains,Spain,Madrid,13
"Classic Cars",Finland,Helsinki,13
"Vintage Cars",Finland,Helsinki,13
"Classic Cars",Australia,"North Sydney",13
Motorcycles,USA,Cambridge,13
"Vintage Cars",USA,Pasadena,13
"Classic Cars",USA,"San Rafael",13
"Classic Cars",France,Nantes,13
"Classic Cars",Australia,"North Sydney",13
"Classic Cars",Spain,Sevilla,13
"Trucks and Buses",Spain,Sevilla,13
"Trucks and Buses",Singapore,Singapore,13
"Classic Cars",Spain,Madrid,13
"Classic Cars",France,Nantes,13
"Classic Cars",Australia,"North Sydney",13
"Classic Cars","New Zealand","Auckland  ",13
"Trucks and Buses",Singapore,Singapore,13
Trains,USA,"San Rafael",13
Planes,"Norway  ",Oslo,13
Motorcycles,USA,Cambridge,13
"Classic Cars","New Zealand","Auckland  ",13
"Vintage Cars",Spain,Madrid,13
Trains,Spain,Madrid,13
"Classic Cars",Australia,Chatswood,13
"Classic Cars","New Zealand","Auckland  ",13
"Vintage Cars","New Zealand","Auckland  ",13
Motorcycles,USA,Cambridge,13
"Trucks and Buses",France,Nantes,13
Motorcycles,Australia,"North Sydney",13
"Vintage Cars","New Zealand","Auckland  ",13
"Classic Cars","New Zealand","Auckland  ",13
"Classic Cars","New Zealand","Auckland  ",13
"Trucks and Buses",Singapore,Singapore,13
"Trucks and Buses",Singapore,Singapore,13
"Classic Cars",USA,"San Rafael",13
Motorcycles,USA,Cambridge,13
"Classic Cars","New Zealand","Auckland  ",13
"Classic Cars",USA,Pasadena,13
"Vintage Cars",Spain,Madrid,13
"Classic Cars",Australia,Chatswood,13
Motorcycles,Australia,"North Sydney",13
"Trucks and Buses",Spain,Sevilla,13
"Vintage Cars","New Zealand","Auckland  ",13
"Classic Cars",Singapore,Singapore,13
Planes,"Norway  ",Oslo,13
Planes,"Norway  ",Oslo,13
"Vintage Cars",USA,Pasadena,13
"Vintage Cars",Spain,Madrid,13
Trains,Spain,Madrid,13
"Classic Cars",Spain,Madrid,13
Planes,Finland,Helsinki,13
Planes,Finland,Helsinki,13
"Trucks and Buses",USA,"San Rafael",13
"Vintage Cars","New Zealand","Auckland  ",13
"Classic Cars","New Zealand","Auckland  ",13
"Vintage Cars",Spain,Madrid,13
"Trucks and Buses",France,Nantes,13
"Vintage Cars",Finland,Helsinki,13
"Classic Cars",Australia,"North Sydney",13
"Vintage Cars","New Zealand","Auckland  ",13
Motorcycles,USA,Cambridge,13
"Classic Cars","New Zealand","Auckland  ",13
"Trucks and Buses",Spain,Madrid,13
"Trucks and Buses",France,Nantes,13
"Vintage Cars","New Zealand","Auckland  ",13
Ships,Spain,Madrid,13
"Trucks and Buses",USA,"San Rafael",13
"Trucks and Buses",Spain,Madrid,13
"Classic Cars",Australia,Chatswood,13
"Classic Cars","New Zealand","Auckland  ",13
Ships,Finland,Helsinki,13
Motorcycles,Australia,"North Sydney",13
"Trucks and Buses",Singapore,Singapore,13
"Vintage Cars","Norway  ",Oslo,13
"Vintage Cars",Australia,Chatswood,13
Motorcycles,Australia,"North Sydney",13
"Trucks and Buses",Spain,Sevilla,13
"Vintage Cars",USA,"San Rafael",13
"Classic Cars",USA,"San Rafael",13
"Trucks and Buses",USA,"San Rafael",13
Planes,"Norway  ",Oslo,13
Planes,"Norway  ",Oslo,13
"Classic Cars",Spain,Madrid,13
"Classic Cars",Spain,Madrid,13
"Classic Cars",Australia,Chatswood,13
"Trucks and Buses",France,Nantes,13
"Classic Cars",Singapore,Singapore,13
"Vintage Cars","Norway  ",Oslo,13
Motorcycles,USA,Cambridge,13
"Classic Cars","New Zealand","Auckland  ",13
Motorcycles,"New Zealand","Auckland  ",13
Motorcycles,"New Zealand","Auckland  ",13
"Classic Cars",Spain,Madrid,13
"Vintage Cars",USA,"San Rafael",13
Trains,Spain,Madrid,13
"Vintage Cars","New Zealand","Auckland  ",13
Planes,"Norway  ",Oslo,13
Motorcycles,USA,Cambridge,13
"Classic Cars","New Zealand","Auckland  ",13
"Classic Cars",USA,"San Rafael",13
"Trucks and Buses",USA,"San Rafael",13
"Vintage Cars","New Zealand","Auckland  ",13
Planes,Finland,Helsinki,13
"Vintage Cars","Norway  ",Oslo,13
"Vintage Cars",USA,"San Rafael",13
"Trucks and Buses",Spain,Sevilla,13
"Classic Cars",Spain,Sevilla,13
"Classic Cars",Spain,Sevilla,13
"Trucks and Buses",Spain,Sevilla,13
"Trucks and Buses",Singapore,Singapore,13
"Classic Cars",USA,"San Rafael",13
"Vintage Cars","New Zealand","Auckland  ",13
"Vintage Cars",Finland,Helsinki,13
"Classic Cars",USA,"San Rafael",13
Planes,"Norway  ",Oslo,13
Planes,"Norway  ",Oslo,13
"Classic Cars",USA,Pasadena,13
"Classic Cars",USA,Pasadena,13
"Vintage Cars",Australia,Chatswood,13
"Vintage Cars","New Zealand","Auckland  ",13
"Classic Cars",Spain,Madrid,13
"Vintage Cars",Spain,Madrid,13
"Classic Cars",Australia,"North Sydney",13
"Classic Cars",USA,"San Rafael",13
Motorcycles,"New Zealand","Auckland  ",13
"Vintage Cars",USA,Pasadena,13
"Vintage Cars",Spain,Madrid,13
"Vintage Cars",Spain,Madrid,13
"Trucks and Buses",Spain,Sevilla,13
"Classic Cars","New Zealand","Auckland  ",13
"Trucks and Buses",Singapore,Singapore,13
"Classic Cars",Singapore,Singapore,13
Motorcycles,USA,Cambridge,13
Planes,USA,Cambridge,13
"Trucks and Buses",France,Nantes,13
"Classic Cars",Singapore,Singapore,12
"Classic Cars",Singapore,Singapore,12
"Classic Cars",Singapore,Singapore,12
"Vintage Cars",Singapore,Singapore,12
Trains,Singapore,Singapore,12
"Classic Cars",Singapore,Singapore,12
"Vintage Cars",Singapore,Singapore,12
Ships,Singapore,Singapore,12
Trains,Singapore,Singapore,12
Ships,Singapore,Singapore,12
Ships,Singapore,Singapore,12
Ships,Singapore,Singapore,12
"Trucks and Buses",UK,London,12
"Classic Cars",USA,NYC,12
"Vintage Cars",USA,Philadelphia,12
Planes,USA,Newark,12
"Classic Cars",Denmark,Ãƒâ€¦rhus,12
"Vintage Cars",France,Toulouse,12
"Trucks and Buses",USA,NYC,12
"Trucks and Buses",Australia,Melbourne,12
"Classic Cars",USA,"San Jose",12
"Trucks and Buses",USA,Philadelphia,12
"Trucks and Buses",USA,NYC,12
Trains,USA,NYC,12
"Classic Cars",France,Paris,12
"Classic Cars",France,Paris,12
"Classic Cars",USA,"San Jose",12
"Classic Cars",Denmark,Ãƒâ€¦rhus,12
Planes,France,Toulouse,12
"Classic Cars",France,Paris,12
"Classic Cars",Denmark,Ãƒâ€¦rhus,12
"Classic Cars",UK,London,12
"Vintage Cars",France,Toulouse,12
"Vintage Cars",France,Strasbourg,12
"Classic Cars",Denmark,Ãƒâ€¦rhus,12
"Classic Cars",Denmark,Ãƒâ€¦rhus,12
"Classic Cars",Denmark,Ãƒâ€¦rhus,12
"Classic Cars",UK,London,12
"Classic Cars",France,Strasbourg,12
"Trucks and Buses",USA,"San Rafael",12
"Vintage Cars",USA,Newark,12
"Vintage Cars",USA,Newark,12
"Classic Cars",Denmark,Ãƒâ€¦rhus,12
"Trucks and Buses",UK,London,12
Planes,Canada,Tsawassen,12
"Vintage Cars",Australia,Melbourne,12
"Vintage Cars",Australia,Melbourne,12
"Classic Cars",USA,"San Jose",12
"Classic Cars",USA,"San Jose",12
"Trucks and Buses",UK,London,12
Ships,France,Toulouse,12
Motorcycles,Canada,Tsawassen,12
"Trucks and Buses",France,Paris,12
"Classic Cars",France,Paris,12
"Classic Cars",Australia,Melbourne,12
"Vintage Cars",Australia,Melbourne,12
Planes,USA,Newark,12
"Classic Cars",USA,Philadelphia,12
Planes,Canada,Tsawassen,12
"Trucks and Buses",USA,NYC,12
Trains,USA,NYC,12
Planes,USA,Newark,12
Planes,Canada,Tsawassen,12
"Classic Cars",USA,"San Rafael",12
Planes,USA,Newark,12
Planes,USA,Newark,12
"Classic Cars",USA,"San Jose",12
"Trucks and Buses",USA,Philadelphia,12
Planes,Canada,Tsawassen,12
"Classic Cars",France,Strasbourg,12
"Classic Cars",France,Strasbourg,12
"Vintage Cars",Australia,Melbourne,12
"Vintage Cars",Australia,Melbourne,12
"Vintage Cars",USA,Philadelphia,12
Planes,Canada,Tsawassen,12
"Vintage Cars",France,Strasbourg,12
"Trucks and Buses",Australia,Melbourne,12
"Classic Cars",Denmark,Ãƒâ€¦rhus,12
"Vintage Cars",USA,Philadelphia,12
"Vintage Cars",USA,Philadelphia,12
"Classic Cars",USA,"San Rafael",12
"Trucks and Buses",USA,NYC,12
"Classic Cars",USA,"San Rafael",12
"Vintage Cars",USA,"San Jose",12
Planes,Canada,Tsawassen,12
"Vintage Cars",France,Strasbourg,12
"Classic Cars",France,Strasbourg,12
"Classic Cars",USA,NYC,12
Planes,France,Toulouse,12
Planes,Canada,Tsawassen,12
"Trucks and Buses",USA,"San Rafael",12
Motorcycles,USA,Newark,12
Planes,France,Toulouse,12
"Vintage Cars",USA,Philadelphia,12
"Classic Cars",France,Strasbourg,12
"Classic Cars",Australia,Melbourne,12
Planes,France,Toulouse,12
"Trucks and Buses",USA,Philadelphia,12
Planes,Canada,Tsawassen,12
"Classic Cars",France,Paris,12
"Classic Cars",USA,NYC,12
"Classic Cars",USA,NYC,12
Planes,USA,Newark,12
Planes,USA,Newark,12
"Classic Cars",USA,"San Jose",12
"Trucks and Buses",UK,London,12
"Classic Cars",France,Strasbourg,12
Planes,USA,Newark,12
"Trucks and Buses",USA,Philadelphia,12
"Classic Cars",USA,Philadelphia,12
"Classic Cars",Denmark,Ãƒâ€¦rhus,12
Planes,France,Toulouse,12
"Classic Cars",USA,Philadelphia,12
"Vintage Cars",France,Paris,12
"Trucks and Buses",UK,London,12
"Classic Cars",USA,NYC,12
Trains,France,Paris,12
"Classic Cars",France,Paris,12
Trains,France,Paris,12
"Classic Cars",USA,"San Rafael",12
"Vintage Cars",USA,"San Jose",12
"Vintage Cars",USA,"San Jose",12
"Classic Cars",France,Strasbourg,12
"Trucks and Buses",Australia,Melbourne,12
"Trucks and Buses",USA,"San Rafael",12
"Classic Cars",USA,"San Rafael",12
"Classic Cars",UK,London,12
"Classic Cars",France,Toulouse,12
Planes,Canada,Tsawassen,12
"Vintage Cars",Canada,Tsawassen,12
Planes,USA,Newark,12
"Trucks and Buses",France,Paris,12
"Classic Cars",USA,"San Rafael",12
"Classic Cars",USA,"San Jose",12
"Classic Cars",USA,"San Jose",12
"Classic Cars",Denmark,Ãƒâ€¦rhus,12
"Classic Cars",Denmark,Ãƒâ€¦rhus,12
"Trucks and Buses",UK,London,12
"Vintage Cars",Australia,Melbourne,12
"Trucks and Buses",USA,"San Rafael",12
Planes,France,Toulouse,12
"Classic Cars",USA,NYC,12
"Classic Cars",France,Paris,12
Trains,USA,"San Rafael",12
"Classic Cars",USA,"San Jose",12
"Trucks and Buses",UK,London,12
"Classic Cars",UK,London,12
"Trucks and Buses",USA,"San Rafael",12
"Classic Cars",Denmark,Ãƒâ€¦rhus,12
"Trucks and Buses",UK,London,12
"Vintage Cars",France,Toulouse,12
Ships,France,Toulouse,12
"Vintage Cars",Canada,Tsawassen,12
"Classic Cars",France,Strasbourg,12
"Classic Cars",France,Strasbourg,12
"Trucks and Buses",Australia,Melbourne,12
"Classic Cars",USA,Burlingame,11
"Classic Cars",USA,Burlingame,11
"Trucks and Buses",USA,Burlingame,11
"Trucks and Buses",USA,Burlingame,11
"Trucks and Buses",USA,Burlingame,11
"Trucks and Buses",USA,Burlingame,11
"Vintage Cars",USA,Burlingame,11
"Trucks and Buses",USA,Burlingame,11
"Vintage Cars",USA,Brisbane,11
"Trucks and Buses",Singapore,Singapore,11
"Classic Cars",Spain,Madrid,11
"Classic Cars",Spain,Madrid,11
"Trucks and Buses",Spain,Madrid,11
"Trucks and Buses",Canada,Vancouver,11
"Classic Cars",Australia,Melbourne,11
"Classic Cars",USA,Brickhaven,11
"Vintage Cars",USA,Brisbane,11
"Trucks and Buses",Singapore,Singapore,11
Motorcycles,USA,Bridgewater,11
"Classic Cars",Spain,Madrid,11
"Classic Cars",Spain,Madrid,11
"Classic Cars",Spain,Madrid,11
"Vintage Cars",USA,Brisbane,11
Ships,Spain,Madrid,11
"Trucks and Buses",France,Lyon,11
"Classic Cars",Spain,Madrid,11
Motorcycles,USA,Bridgewater,11
Motorcycles,USA,Bridgewater,11
"Classic Cars","New Zealand","Auckland  ",11
"Classic Cars",Spain,Madrid,11
"Vintage Cars",France,Lyon,11
"Vintage Cars",Canada,Vancouver,11
"Classic Cars",Canada,Vancouver,11
"Vintage Cars","New Zealand",Wellington,11
"Classic Cars","Norway  ",Oslo,11
"Classic Cars","Norway  ",Oslo,11
"Classic Cars",Spain,Madrid,11
"Classic Cars",Australia,Melbourne,11
"Vintage Cars",Spain,Madrid,11
"Classic Cars",Spain,Madrid,11
Motorcycles,Finland,Helsinki,11
"Classic Cars",Australia,Melbourne,11
"Trucks and Buses","New Zealand","Auckland  ",11
"Trucks and Buses",Spain,Madrid,11
"Classic Cars",USA,Brickhaven,11
"Trucks and Buses",Canada,Vancouver,11
"Classic Cars",Canada,Vancouver,11
"Classic Cars",Australia,Melbourne,11
"Classic Cars",Spain,Madrid,11
"Vintage Cars",USA,Brisbane,11
"Vintage Cars",Singapore,Singapore,11
"Classic Cars",France,Lyon,11
"Vintage Cars",Canada,Vancouver,11
Motorcycles,USA,Bridgewater,11
"Classic Cars",USA,"San Rafael",11
"Classic Cars",Australia,Melbourne,11
"Classic Cars","New Zealand","Auckland  ",11
"Vintage Cars",USA,Brisbane,11
"Trucks and Buses",Canada,Vancouver,11
"Trucks and Buses",Spain,Madrid,11
"Classic Cars",Spain,Madrid,11
Planes,USA,Bridgewater,11
"Vintage Cars","New Zealand",Wellington,11
"Vintage Cars",Australia,Chatswood,11
"Trucks and Buses",USA,"San Rafael",11
Motorcycles,Finland,Helsinki,11
"Classic Cars","Norway  ",Oslo,11
"Classic Cars",Canada,Vancouver,11
"Classic Cars",USA,Burlingame,11
"Classic Cars",Singapore,Singapore,11
"Trucks and Buses",France,Lyon,11
"Trucks and Buses",Spain,Madrid,11
Motorcycles,USA,Bridgewater,11
"Vintage Cars","New Zealand",Wellington,11
"Classic Cars","Norway  ",Oslo,11
Trains,Spain,Madrid,11
"Classic Cars",France,Lyon,11
"Classic Cars",Spain,Madrid,11
"Classic Cars",Spain,Madrid,11
Motorcycles,Australia,Melbourne,11
"Trucks and Buses",France,Lyon,11
"Classic Cars",Spain,Madrid,11
"Classic Cars",Spain,Madrid,11
Motorcycles,USA,Bridgewater,11
"Trucks and Buses",Australia,Chatswood,11
Motorcycles,Finland,Helsinki,11
"Trucks and Buses",Canada,Vancouver,11
"Trucks and Buses",Spain,Madrid,11
"Trucks and Buses",Spain,Madrid,11
"Trucks and Buses",Spain,Madrid,11
Ships,Spain,Madrid,11
"Trucks and Buses",Spain,Madrid,11
"Vintage Cars","New Zealand",Wellington,11
"Trucks and Buses",USA,"San Rafael",11
Motorcycles,Finland,Helsinki,11
Motorcycles,Finland,Helsinki,11
"Trucks and Buses","New Zealand","Auckland  ",11
"Vintage Cars",Singapore,Singapore,11
"Trucks and Buses",France,Lyon,11
"Vintage Cars",Canada,Vancouver,11
"Classic Cars",USA,"San Rafael",11
"Trucks and Buses",USA,Burlingame,11
"Vintage Cars",USA,Brisbane,11
"Classic Cars",Spain,Madrid,11
Motorcycles,USA,Bridgewater,11
"Trucks and Buses",USA,"San Rafael",11
Motorcycles,Finland,Helsinki,11
"Trucks and Buses",Canada,Vancouver,11
"Trucks and Buses",Canada,Vancouver,11
"Classic Cars",USA,Brickhaven,11
"Classic Cars",USA,Brickhaven,11
"Trucks and Buses",Spain,Madrid,11
"Vintage Cars","New Zealand",Wellington,11
"Classic Cars",Australia,Chatswood,11
Motorcycles,Finland,Helsinki,11
"Vintage Cars",USA,Brisbane,11
Motorcycles,USA,Bridgewater,11
"Trucks and Buses",Australia,Chatswood,11
"Classic Cars","Norway  ",Oslo,11
"Trucks and Buses","New Zealand","Auckland  ",11
"Classic Cars",Spain,Madrid,11
"Classic Cars",USA,Brickhaven,11
"Trucks and Buses",Canada,Vancouver,11
"Vintage Cars","New Zealand",Wellington,11
"Classic Cars",Australia,Chatswood,11
"Classic Cars","Norway  ",Oslo,11
"Classic Cars",USA,Brickhaven,11
"Classic Cars",USA,Brickhaven,11
"Vintage Cars",USA,Brisbane,11
"Vintage Cars",Singapore,Singapore,11
Ships,Spain,Madrid,11
Ships,Spain,Madrid,11
"Trucks and Buses",France,Lyon,11
"Trucks and Buses",Australia,Chatswood,11
"Trucks and Buses",Australia,Chatswood,11
"Classic Cars",Canada,Vancouver,11
"Classic Cars",Australia,Melbourne,11
"Trucks and Buses","New Zealand","Auckland  ",11
"Classic Cars",Spain,Madrid,11
"Classic Cars",USA,Brickhaven,11
"Classic Cars",Singapore,Singapore,11
"Trucks and Buses",Australia,Chatswood,11
"Trucks and Buses",USA,"San Rafael",11
"Classic Cars",Spain,Madrid,11
"Classic Cars",Spain,Madrid,11
Planes,USA,Bridgewater,11
"Classic Cars",USA,"San Rafael",11
"Classic Cars",USA,Brickhaven,11
"Vintage Cars",Singapore,Singapore,11
"Vintage Cars","New Zealand",Wellington,11
"Vintage Cars","New Zealand",Wellington,11
"Trucks and Buses",USA,"San Rafael",11
"Classic Cars","Norway  ",Oslo,11
"Trucks and Buses",Canada,Vancouver,11
"Classic Cars",Australia,Melbourne,11
"Trucks and Buses",Spain,Madrid,11
"Classic Cars",USA,Brickhaven,11
"Classic Cars",Spain,Madrid,11
"Vintage Cars",USA,Brisbane,11
"Vintage Cars",USA,Brisbane,11
"Vintage Cars",Spain,Madrid,11
Ships,Spain,Madrid,11
Planes,USA,Bridgewater,11
"Classic Cars",Finland,Helsinki,11
"Classic Cars",Spain,Madrid,11
"Classic Cars",Spain,Madrid,11
Ships,Spain,Madrid,11
"Classic Cars",France,Lyon,11
"Trucks and Buses",France,Lyon,11
"Classic Cars",Spain,Madrid,11
"Classic Cars","Norway  ",Oslo,11
"Trucks and Buses","New Zealand","Auckland  ",11
"Classic Cars",Singapore,Singapore,11
"Classic Cars",Canada,Vancouver,11
"Classic Cars","Norway  ",Oslo,11
"Trucks and Buses",Canada,Vancouver,11
"Trucks and Buses",Spain,Madrid,11
Ships,Spain,Madrid,11
"Vintage Cars","New Zealand",Wellington,11
"Vintage Cars",Australia,Chatswood,11
"Classic Cars",Australia,Melbourne,11
"Trucks and Buses",USA,Burlingame,11
"Trucks and Buses",Singapore,Singapore,11
"Classic Cars",Spain,Madrid,11
"Classic Cars",Spain,Madrid,11
"Vintage Cars","New Zealand",Wellington,11
"Classic Cars",USA,"San Rafael",11
Motorcycles,Finland,Helsinki,11
"Classic Cars","Norway  ",Oslo,11
"Vintage Cars",USA,Brisbane,11
"Vintage Cars",Canada,Vancouver,11
"Classic Cars",Spain,Madrid,11
"Vintage Cars","New Zealand",Wellington,11
"Classic Cars",Australia,Chatswood,11
Motorcycles,Finland,Helsinki,11
"Vintage Cars","New Zealand","Auckland  ",11
"Trucks and Buses","New Zealand","Auckland  ",11
"Classic Cars",USA,Brickhaven,11
"Vintage Cars",Canada,Vancouver,11
"Vintage Cars",Canada,Vancouver,11
"Vintage Cars",Spain,Madrid,11
"Vintage Cars",Spain,Madrid,11
"Trucks and Buses",Canada,Vancouver,11
"Classic Cars",Spain,Madrid,11
"Classic Cars",Spain,Madrid,11
"Classic Cars",Spain,Madrid,11
"Trucks and Buses",Canada,Vancouver,11
"Trucks and Buses",Spain,Madrid,11
"Trucks and Buses",USA,"San Rafael",11
"Classic Cars",Finland,Helsinki,11
"Classic Cars","Norway  ",Oslo,11
"Classic Cars",Australia,Melbourne,11
"Classic Cars","New Zealand","Auckland  ",11
"Vintage Cars","New Zealand","Auckland  ",11
"Trucks and Buses",Singapore,Singapore,11
"Trucks and Buses",France,Lyon,11
"Vintage Cars",Australia,Chatswood,11
"Classic Cars",USA,"San Rafael",11
"Classic Cars",Spain,Madrid,11
"Classic Cars",Australia,Melbourne,11
"Classic Cars",France,Paris,10
"Trucks and Buses",France,Paris,10
"Trucks and Buses",France,Paris,10
"Classic Cars",France,Paris,10
"Trucks and Buses",France,Paris,10
"Trucks and Buses",France,Paris,10
"Classic Cars",France,Paris,10
"Trucks and Buses",France,Paris,10
"Trucks and Buses",France,Paris,10
"Classic Cars",France,Paris,10
"Trucks and Buses",Finland,Oulu,10
"Trucks and Buses",USA,"White Plains",10
"Vintage Cars",USA,"San Francisco",10
"Classic Cars",USA,"White Plains",10
Trains,USA,"White Plains",10
Motorcycles,Spain,Madrid,10
"Classic Cars",Spain,Madrid,10
Motorcycles,Spain,Madrid,10
"Classic Cars",Australia,"North Sydney",10
Planes,"Hong Kong","Central Hong Kong",10
"Classic Cars",USA,"Las Vegas",10
"Classic Cars",Austria,Salzburg,10
"Classic Cars",Finland,Oulu,10
"Classic Cars",USA,NYC,10
Planes,"Hong Kong","Central Hong Kong",10
"Classic Cars",USA,"Las Vegas",10
"Vintage Cars",USA,"San Francisco",10
Planes,"Hong Kong","Central Hong Kong",10
"Classic Cars",USA,"White Plains",10
"Trucks and Buses",USA,"White Plains",10
"Vintage Cars",USA,Burbank,10
"Classic Cars","New Zealand",Auckland,10
"Vintage Cars",USA,"San Rafael",10
"Trucks and Buses",USA,"San Rafael",10
"Trucks and Buses",Finland,Oulu,10
"Classic Cars",Italy,"Reggio Emilia",10
"Vintage Cars","Hong Kong","Central Hong Kong",10
"Vintage Cars",USA,Burbank,10
Motorcycles,Austria,Salzburg,10
"Trucks and Buses",USA,NYC,10
"Classic Cars",USA,NYC,10
"Classic Cars",Spain,Madrid,10
"Trucks and Buses",USA,"San Rafael",10
"Classic Cars",Italy,"Reggio Emilia",10
Trains,"New Zealand",Auckland,10
"Classic Cars",USA,"Las Vegas",10
"Classic Cars",Spain,Madrid,10
"Trucks and Buses",Finland,Oulu,10
"Trucks and Buses",Finland,Oulu,10
Motorcycles,Spain,Madrid,10
"Vintage Cars",USA,"San Francisco",10
"Classic Cars",USA,"Las Vegas",10
"Trucks and Buses",Australia,"North Sydney",10
"Vintage Cars",Australia,"North Sydney",10
"Vintage Cars",Australia,"North Sydney",10
"Trucks and Buses",Finland,Oulu,10
"Vintage Cars",USA,"San Francisco",10
Planes,"Hong Kong","Central Hong Kong",10
"Classic Cars",USA,NYC,10
"Vintage Cars",USA,"San Rafael",10
Trains,"New Zealand",Auckland,10
"Classic Cars",USA,NYC,10
"Classic Cars",Spain,Madrid,10
"Classic Cars",Spain,Madrid,10
"Vintage Cars",USA,"San Francisco",10
Planes,"Hong Kong","Central Hong Kong",10
"Vintage Cars",USA,Burbank,10
"Classic Cars",Spain,Madrid,10
"Classic Cars",Spain,Madrid,10
"Trucks and Buses",Australia,"North Sydney",10
Motorcycles,Austria,Salzburg,10
"Classic Cars",Italy,"Reggio Emilia",10
Planes,"Hong Kong","Central Hong Kong",10
"Vintage Cars",USA,Burbank,10
"Vintage Cars",USA,Burbank,10
"Classic Cars","New Zealand",Auckland,10
"Classic Cars",USA,"Las Vegas",10
"Classic Cars",Austria,Salzburg,10
Planes,Austria,Salzburg,10
"Vintage Cars",USA,"San Rafael",10
"Classic Cars",Spain,Madrid,10
Motorcycles,Austria,Salzburg,10
"Trucks and Buses",USA,"San Rafael",10
"Trucks and Buses",USA,"White Plains",10
"Classic Cars",USA,"San Rafael",10
"Trucks and Buses",Finland,Oulu,10
"Classic Cars","New Zealand",Auckland,10
"Vintage Cars",USA,"San Rafael",10
"Classic Cars",USA,"Las Vegas",10
"Trucks and Buses",USA,"San Rafael",10
"Classic Cars",Spain,Madrid,10
"Classic Cars",USA,"White Plains",10
"Trucks and Buses",USA,Burbank,10
Trains,"New Zealand",Auckland,10
"Classic Cars",Spain,Madrid,10
"Classic Cars",Spain,Madrid,10
Motorcycles,Spain,Madrid,10
"Vintage Cars",Australia,"North Sydney",10
"Classic Cars",Finland,Oulu,10
"Vintage Cars",USA,"San Francisco",10
"Vintage Cars",USA,"San Francisco",10
Trains,Italy,"Reggio Emilia",10
"Classic Cars",USA,NYC,10
"Classic Cars",Spain,Madrid,10
"Classic Cars",USA,"White Plains",10
"Classic Cars","New Zealand",Auckland,10
"Classic Cars",USA,"Las Vegas",10
"Classic Cars",USA,NYC,10
"Vintage Cars",USA,"San Francisco",10
"Vintage Cars","Hong Kong","Central Hong Kong",10
Planes,"Hong Kong","Central Hong Kong",10
"Classic Cars",USA,Burbank,10
Motorcycles,Austria,Salzburg,10
"Classic Cars",Austria,Salzburg,10
Motorcycles,Spain,Madrid,10
"Vintage Cars",Australia,"North Sydney",10
Motorcycles,Austria,Salzburg,10
"Classic Cars",Australia,"North Sydney",10
"Vintage Cars",USA,"San Francisco",10
"Trucks and Buses",Italy,"Reggio Emilia",10
"Vintage Cars",USA,Burbank,10
Ships,"New Zealand",Auckland,10
"Classic Cars",Austria,Salzburg,10
"Classic Cars",USA,NYC,10
"Classic Cars",Spain,Madrid,10
Motorcycles,Spain,Madrid,10
"Classic Cars",USA,"San Rafael",10
"Classic Cars",Italy,"Reggio Emilia",10
"Classic Cars",USA,"Las Vegas",10
"Trucks and Buses",USA,NYC,10
"Classic Cars",Spain,Madrid,10
"Classic Cars",USA,"White Plains",10
"Vintage Cars",USA,Burbank,10
"Vintage Cars","New Zealand",Auckland,10
"Classic Cars",USA,"Las Vegas",10
"Classic Cars",Finland,Oulu,10
"Classic Cars",Italy,"Reggio Emilia",10
"Classic Cars","New Zealand",Auckland,10
"Trucks and Buses",Australia,"North Sydney",10
"Trucks and Buses",Finland,Oulu,10
"Classic Cars",Italy,"Reggio Emilia",10
Trains,Italy,"Reggio Emilia",10
Planes,"Hong Kong","Central Hong Kong",10
"Trucks and Buses",USA,"White Plains",10
"Vintage Cars",USA,Burbank,10
"Trucks and Buses",USA,NYC,10
"Vintage Cars",Australia,"North Sydney",10
"Vintage Cars",USA,"San Francisco",10
"Classic Cars",Italy,"Reggio Emilia",10
"Classic Cars",USA,"Las Vegas",10
Ships,UK,London,9
"Trucks and Buses",Finland,Espoo,9
Ships,UK,London,9
Planes,UK,London,9
Trains,Ireland,Dublin,9
"Vintage Cars","New Zealand",Wellington,9
Planes,USA,Glendale,9
Planes,USA,Glendale,9
"Trucks and Buses",Australia,"North Sydney",9
"Trucks and Buses",Australia,"North Sydney",9
Ships,USA,"San Jose",9
Ships,USA,"San Jose",9
"Classic Cars",Finland,Espoo,9
Motorcycles,"New Zealand","Auckland  ",9
Motorcycles,USA,NYC,9
Motorcycles,USA,NYC,9
Ships,Canada,MontrÃƒÂ©al,9
Motorcycles,USA,Allentown,9
"Trucks and Buses",Norway,Stavern,9
Ships,USA,NYC,9
Ships,USA,NYC,9
Ships,Japan,Minato-ku,9
Motorcycles,UK,Liverpool,9
"Vintage Cars","New Zealand",Auckland,9
"Vintage Cars",Spain,Madrid,9
"Vintage Cars",Italy,Torino,9
Ships,USA,NYC,9
"Vintage Cars",USA,Glendale,9
"Trucks and Buses",Australia,"North Sydney",9
"Vintage Cars",USA,"San Jose",9
Motorcycles,"New Zealand",Wellington,9
"Classic Cars",Germany,KÃƒÂ¶ln,9
Motorcycles,USA,NYC,9
Motorcycles,France,Paris,9
"Classic Cars",Italy,Torino,9
Ships,Italy,Torino,9
Ships,USA,Philadelphia,9
Motorcycles,USA,Allentown,9
"Vintage Cars",Norway,Stavern,9
Trains,Norway,Stavern,9
"Trucks and Buses",Norway,Stavern,9
Trains,Japan,Minato-ku,9
"Vintage Cars",USA,"San Francisco",9
"Vintage Cars",USA,"San Francisco",9
Planes,USA,"San Jose",9
"Vintage Cars","New Zealand",Auckland,9
"Vintage Cars",Canada,MontrÃƒÂ©al,9
Motorcycles,USA,NYC,9
Planes,USA,Glendale,9
"Vintage Cars",France,Paris,9
"Trucks and Buses",Canada,MontrÃƒÂ©al,9
Motorcycles,"New Zealand",Wellington,9
"Vintage Cars",UK,London,9
Motorcycles,France,Paris,9
Trains,Italy,Torino,9
Ships,Italy,Torino,9
"Trucks and Buses",USA,"San Francisco",9
"Vintage Cars","New Zealand",Auckland,9
"Classic Cars",Canada,MontrÃƒÂ©al,9
"Classic Cars","New Zealand",Wellington,9
"Classic Cars",Ireland,Dublin,9
"Trucks and Buses",Ireland,Dublin,9
"Vintage Cars",Canada,MontrÃƒÂ©al,9
Ships,Canada,MontrÃƒÂ©al,9
Planes,USA,Philadelphia,9
Planes,USA,Allentown,9
Trains,Norway,Stavern,9
Ships,USA,Philadelphia,9
Motorcycles,USA,NYC,9
"Vintage Cars",Japan,Minato-ku,9
Ships,Japan,Minato-ku,9
"Vintage Cars",UK,London,9
"Vintage Cars",USA,"New Haven",9
Ships,Italy,Torino,9
Motorcycles,USA,NYC,9
Motorcycles,France,Paris,9
Planes,USA,"San Jose",9
Motorcycles,UK,Liverpool,9
Motorcycles,UK,Liverpool,9
Motorcycles,UK,Liverpool,9
"Vintage Cars",Spain,Madrid,9
Trains,USA,NYC,9
Planes,USA,Glendale,9
"Vintage Cars",USA,Glendale,9
"Trucks and Buses",Canada,MontrÃƒÂ©al,9
"Classic Cars","New Zealand",Wellington,9
Ships,UK,London,9
"Vintage Cars","New Zealand","Auckland  ",9
Ships,"New Zealand",Wellington,9
Ships,Canada,MontrÃƒÂ©al,9
"Vintage Cars",USA,Philadelphia,9
"Classic Cars",USA,NYC,9
"Classic Cars",France,Paris,9
"Classic Cars",USA,"San Francisco",9
Motorcycles,UK,Liverpool,9
Motorcycles,"New Zealand",Wellington,9
"Classic Cars",Ireland,Dublin,9
Ships,"New Zealand",Wellington,9
"Classic Cars",France,Paris,9
"Vintage Cars",USA,"San Jose",9
"Vintage Cars","New Zealand",Auckland,9
"Trucks and Buses",Canada,MontrÃƒÂ©al,9
"Trucks and Buses",Canada,MontrÃƒÂ©al,9
"Vintage Cars","New Zealand","Auckland  ",9
"Vintage Cars",Spain,Madrid,9
"Vintage Cars",Spain,Madrid,9
"Trucks and Buses",USA,"New Haven",9
"Trucks and Buses",USA,"New Haven",9
"Classic Cars",USA,NYC,9
Ships,USA,NYC,9
Planes,USA,"San Jose",9
Motorcycles,UK,Liverpool,9
"Trucks and Buses",Canada,MontrÃƒÂ©al,9
Ships,UK,London,9
"Vintage Cars","New Zealand",Wellington,9
Planes,"New Zealand",Wellington,9
"Vintage Cars",Spain,Madrid,9
Motorcycles,USA,NYC,9
"Classic Cars",Norway,Stavern,9
Motorcycles,UK,Liverpool,9
"Vintage Cars","New Zealand",Auckland,9
Planes,"New Zealand","Auckland  ",9
"Classic Cars",Ireland,Dublin,9
"Trucks and Buses",USA,"New Haven",9
"Classic Cars",USA,"New Haven",9
"Classic Cars",France,Paris,9
Motorcycles,USA,Allentown,9
"Trucks and Buses",USA,"San Francisco",9
"Classic Cars",USA,"San Jose",9
Ships,UK,London,9
Planes,"New Zealand","Auckland  ",9
"Classic Cars",UK,London,9
Planes,"New Zealand",Wellington,9
Motorcycles,France,Paris,9
Motorcycles,France,Paris,9
Motorcycles,USA,Allentown,9
"Trucks and Buses",Australia,"North Sydney",9
"Vintage Cars",USA,"San Jose",9
Ships,UK,London,9
Planes,"New Zealand","Auckland  ",9
Trains,Ireland,Dublin,9
"Vintage Cars",Spain,Madrid,9
"Classic Cars",USA,"New Haven",9
Motorcycles,USA,NYC,9
"Classic Cars",Japan,Minato-ku,9
"Classic Cars",Japan,Minato-ku,9
Motorcycles,"New Zealand",Wellington,9
"Classic Cars",Finland,Espoo,9
"Classic Cars",Finland,Espoo,9
Planes,USA,Philadelphia,9
"Classic Cars",USA,NYC,9
Planes,USA,Glendale,9
"Vintage Cars",France,Paris,9
"Classic Cars",Australia,"North Sydney",9
"Trucks and Buses",Finland,Espoo,9
Planes,"New Zealand","Auckland  ",9
"Trucks and Buses",USA,"New Haven",9
"Classic Cars",USA,Philadelphia,9
Motorcycles,USA,NYC,9
"Vintage Cars",USA,NYC,9
Motorcycles,UK,Liverpool,9
"Vintage Cars","New Zealand",Auckland,9
Planes,UK,London,9
"Vintage Cars",UK,London,9
Ships,Canada,MontrÃƒÂ©al,9
"Classic Cars",Australia,"North Sydney",9
Planes,"New Zealand",Wellington,9
Motorcycles,USA,Allentown,9
"Vintage Cars",France,Paris,9
Ships,UK,London,9
"Classic Cars",Finland,Espoo,9
"Trucks and Buses",Finland,Espoo,9
Motorcycles,USA,NYC,9
Motorcycles,USA,Glendale,9
"Vintage Cars",France,Paris,9
"Vintage Cars","New Zealand",Auckland,9
"Vintage Cars",UK,London,9
Ships,UK,London,9
Motorcycles,USA,NYC,9
Motorcycles,France,Paris,9
Planes,UK,London,9
Motorcycles,USA,NYC,9
"Classic Cars",Italy,Torino,9
Motorcycles,USA,Allentown,9
"Vintage Cars",France,Paris,9
"Vintage Cars",Japan,Minato-ku,9
"Vintage Cars","New Zealand",Auckland,9
Motorcycles,"New Zealand",Wellington,9
"Classic Cars",Germany,KÃƒÂ¶ln,9
Motorcycles,Germany,KÃƒÂ¶ln,9
Motorcycles,USA,NYC,9
"Vintage Cars",Spain,Madrid,9
"Classic Cars",France,Paris,9
"Vintage Cars",USA,Philadelphia,9
"Classic Cars",USA,NYC,9
Ships,USA,NYC,9
"Trucks and Buses",Australia,"North Sydney",9
"Classic Cars",USA,"San Francisco",9
"Vintage Cars",USA,"San Francisco",9
"Vintage Cars",USA,"San Francisco",9
Motorcycles,UK,Liverpool,9
Planes,"New Zealand","Auckland  ",9
"Classic Cars",France,Paris,9
"Classic Cars",Canada,MontrÃƒÂ©al,9
"Classic Cars",Italy,Torino,9
"Classic Cars",Norway,Stavern,9
"Classic Cars",Japan,Minato-ku,9
"Classic Cars",Germany,KÃƒÂ¶ln,9
Planes,USA,Allentown,9
"Classic Cars",USA,NYC,9
"Vintage Cars",France,Paris,9
"Trucks and Buses",USA,"San Francisco",9
"Vintage Cars",UK,London,9
"Classic Cars",Ireland,Dublin,9
"Classic Cars",Ireland,Dublin,9
"Vintage Cars","New Zealand",Wellington,9
"Vintage Cars",Spain,Madrid,9
"Classic Cars",Norway,Stavern,9
"Classic Cars",France,Paris,9
Trains,Japan,Minato-ku,9
"Classic Cars",Finland,Espoo,9
Planes,"New Zealand","Auckland  ",9
"Vintage Cars",Spain,Madrid,9
"Vintage Cars",Canada,MontrÃƒÂ©al,9
Ships,Canada,MontrÃƒÂ©al,9
"Classic Cars",Norway,Stavern,9
Planes,USA,Glendale,9
"Classic Cars","New Zealand",Wellington,9
"Classic Cars",Germany,KÃƒÂ¶ln,9
Motorcycles,USA,NYC,9
Ships,Canada,MontrÃƒÂ©al,9
Motorcycles,USA,Allentown,9
Motorcycles,USA,NYC,9
"Vintage Cars","New Zealand",Auckland,9
"Classic Cars",Canada,MontrÃƒÂ©al,9
"Trucks and Buses",Finland,Espoo,9
"Classic Cars",Germany,KÃƒÂ¶ln,9
"Classic Cars",Germany,KÃƒÂ¶ln,9
"Classic Cars",USA,"New Haven",9
"Trucks and Buses",USA,"New Haven",9
"Vintage Cars",Italy,Torino,9
Planes,USA,Philadelphia,9
"Vintage Cars",USA,Philadelphia,9
"Trucks and Buses",Australia,"North Sydney",9
"Vintage Cars",Australia,"North Sydney",9
"Classic Cars",UK,London,9
"Classic Cars",Germany,KÃƒÂ¶ln,9
"Classic Cars",Germany,KÃƒÂ¶ln,9
"Classic Cars",Ireland,Dublin,9
"Classic Cars","New Zealand",Wellington,9
"Classic Cars",Canada,MontrÃƒÂ©al,9
"Classic Cars","New Zealand",Wellington,9
Motorcycles,USA,NYC,8
Motorcycles,USA,NYC,8
Motorcycles,USA,NYC,8
Motorcycles,USA,NYC,8
Motorcycles,USA,NYC,8
Motorcycles,USA,NYC,8
Motorcycles,USA,NYC,8
Motorcycles,USA,NYC,8
Planes,Spain,Madrid,8
Planes,Spain,Madrid,8
Planes,Spain,Madrid,8
Motorcycles,Spain,Madrid,8
"Vintage Cars",Spain,Madrid,8
"Vintage Cars",Spain,Madrid,8
Planes,Spain,Madrid,8
Planes,Spain,Madrid,8
Motorcycles,"Norway  ",Bergen,8
"Classic Cars",USA,"Los Angeles",8
"Vintage Cars",USA,"San Rafael",8
"Classic Cars",USA,Bridgewater,8
Ships,USA,"Los Angeles",8
"Vintage Cars",UK,Cowes,8
"Classic Cars",Germany,Frankfurt,8
Planes,Spain,Barcelona,8
Motorcycles,"New Zealand","Auckland  ",8
"Vintage Cars",Australia,Chatswood,8
"Classic Cars",USA,"New Haven",8
Trains,Germany,Frankfurt,8
Motorcycles,"New Zealand","Auckland  ",8
Trains,USA,"New Haven",8
Planes,USA,"Los Angeles",8
Planes,Denmark,Kobenhavn,8
Motorcycles,"New Zealand","Auckland  ",8
"Vintage Cars",Australia,Chatswood,8
"Classic Cars",USA,Bridgewater,8
Planes,USA,"Los Angeles",8
"Classic Cars",Germany,Frankfurt,8
Ships,Denmark,Kobenhavn,8
"Vintage Cars",Spain,Madrid,8
"Classic Cars","New Zealand","Auckland  ",8
"Classic Cars",Germany,Frankfurt,8
"Vintage Cars",USA,"San Francisco",8
"Classic Cars",Spain,Madrid,8
"Vintage Cars",USA,Brickhaven,8
"Vintage Cars",USA,"New Bedford",8
Planes,USA,"New Bedford",8
Motorcycles,"New Zealand","Auckland  ",8
"Classic Cars","New Zealand","Auckland  ",8
"Classic Cars",USA,Bridgewater,8
Motorcycles,"Norway  ",Bergen,8
Motorcycles,"Norway  ",Bergen,8
Trains,UK,Cowes,8
"Vintage Cars",Spain,Barcelona,8
"Classic Cars",France,Reims,8
Motorcycles,"New Zealand","Auckland  ",8
"Classic Cars",Austria,Graz,8
"Classic Cars",Denmark,Kobenhavn,8
Ships,Denmark,Kobenhavn,8
Ships,Denmark,Kobenhavn,8
"Vintage Cars",USA,Brickhaven,8
Motorcycles,USA,"New Bedford",8
Planes,USA,Glendale,8
Motorcycles,"Norway  ",Bergen,8
Planes,"Norway  ",Bergen,8
"Vintage Cars",USA,"Los Angeles",8
"Classic Cars",USA,"San Francisco",8
"Vintage Cars",USA,"San Francisco",8
Motorcycles,Spain,Barcelona,8
Planes,Spain,Barcelona,8
"Classic Cars",Spain,Madrid,8
Motorcycles,"New Zealand","Auckland  ",8
Motorcycles,"New Zealand","Auckland  ",8
Planes,USA,Glendale,8
"Vintage Cars",Austria,Graz,8
Motorcycles,"Norway  ",Bergen,8
"Vintage Cars",USA,"Los Angeles",8
Ships,UK,Cowes,8
"Vintage Cars",USA,Brickhaven,8
"Vintage Cars",USA,"New Bedford",8
"Classic Cars",USA,"San Rafael",8
"Vintage Cars",Australia,Chatswood,8
"Classic Cars",USA,Bridgewater,8
"Classic Cars",USA,Bridgewater,8
"Vintage Cars",USA,"Los Angeles",8
"Vintage Cars",USA,"San Francisco",8
"Vintage Cars",USA,Brickhaven,8
Planes,USA,Glendale,8
"Classic Cars",USA,Bridgewater,8
Trains,USA,"New Haven",8
"Classic Cars",Denmark,Kobenhavn,8
"Trucks and Buses",Spain,Madrid,8
Motorcycles,USA,"New Bedford",8
"Classic Cars",Denmark,Kobenhavn,8
"Classic Cars",Denmark,Kobenhavn,8
Ships,Denmark,Kobenhavn,8
"Trucks and Buses",Spain,Madrid,8
"Vintage Cars",USA,Brickhaven,8
Planes,USA,"New Bedford",8
Trains,USA,"San Rafael",8
"Classic Cars","New Zealand","Auckland  ",8
"Vintage Cars",Australia,Chatswood,8
"Classic Cars",USA,"New Haven",8
Ships,USA,"Los Angeles",8
"Classic Cars","New Zealand","Auckland  ",8
"Trucks and Buses",France,Reims,8
Motorcycles,USA,"New Bedford",8
"Vintage Cars",USA,"San Rafael",8
"Vintage Cars",Australia,Chatswood,8
"Classic Cars",Germany,Frankfurt,8
"Classic Cars",Germany,Frankfurt,8
Trains,Germany,Frankfurt,8
Motorcycles,USA,"New Bedford",8
Motorcycles,"New Zealand","Auckland  ",8
"Trucks and Buses",Austria,Graz,8
Ships,UK,Cowes,8
"Classic Cars",Denmark,Kobenhavn,8
"Classic Cars",Sweden,BrÃƒÂ¤cke,8
Ships,USA,"San Rafael",8
"Classic Cars","New Zealand","Auckland  ",8
"Classic Cars",USA,Bridgewater,8
Motorcycles,"Norway  ",Bergen,8
"Classic Cars",Germany,Frankfurt,8
Ships,UK,Cowes,8
"Classic Cars",Sweden,BrÃƒÂ¤cke,8
"Vintage Cars",Australia,Chatswood,8
Ships,USA,"New Haven",8
"Classic Cars",Denmark,Kobenhavn,8
Ships,Denmark,Kobenhavn,8
"Trucks and Buses",USA,"San Francisco",8
Planes,USA,Glendale,8
"Classic Cars",Germany,Frankfurt,8
"Trucks and Buses",USA,"San Francisco",8
"Classic Cars",France,Reims,8
"Vintage Cars",USA,Brickhaven,8
"Classic Cars",Sweden,BrÃƒÂ¤cke,8
Motorcycles,Sweden,BrÃƒÂ¤cke,8
Motorcycles,Spain,Barcelona,8
"Vintage Cars",Spain,Barcelona,8
"Classic Cars",Denmark,Kobenhavn,8
"Classic Cars",France,Reims,8
"Vintage Cars",Australia,Chatswood,8
"Classic Cars",USA,"New Haven",8
"Classic Cars",Germany,Frankfurt,8
"Classic Cars",Germany,Frankfurt,8
Planes,Spain,Barcelona,8
Ships,USA,"San Rafael",8
Planes,Spain,Barcelona,8
Trains,France,Reims,8
"Classic Cars","New Zealand","Auckland  ",8
"Trucks and Buses",Austria,Graz,8
"Classic Cars",USA,"New Haven",8
"Vintage Cars",USA,"New Haven",8
"Classic Cars",Germany,Frankfurt,8
Planes,USA,Glendale,8
"Vintage Cars",UK,Cowes,8
Ships,UK,Cowes,8
"Classic Cars",Denmark,Kobenhavn,8
"Trucks and Buses",France,Reims,8
Ships,USA,Glendale,8
"Trucks and Buses",Austria,Graz,8
"Trucks and Buses",Austria,Graz,8
"Classic Cars",Austria,Graz,8
"Classic Cars",USA,Bridgewater,8
"Classic Cars",USA,Brickhaven,8
Motorcycles,Sweden,BrÃƒÂ¤cke,8
"Trucks and Buses",Austria,Graz,8
Motorcycles,"Norway  ",Bergen,8
"Classic Cars",Germany,Frankfurt,8
"Vintage Cars",USA,"San Rafael",8
Planes,USA,Glendale,8
"Vintage Cars",Australia,Chatswood,8
"Classic Cars",Germany,Frankfurt,8
"Trucks and Buses",Germany,Frankfurt,8
Ships,UK,Cowes,8
"Trucks and Buses",USA,"San Francisco",8
"Vintage Cars",Spain,Madrid,8
Trains,France,Reims,8
"Classic Cars",Sweden,BrÃƒÂ¤cke,8
Motorcycles,Sweden,BrÃƒÂ¤cke,8
"Classic Cars","New Zealand","Auckland  ",8
"Classic Cars","New Zealand","Auckland  ",8
Planes,Denmark,Kobenhavn,8
"Vintage Cars",USA,Glendale,8
"Classic Cars",Germany,Frankfurt,8
"Vintage Cars",USA,"San Francisco",8
"Trucks and Buses",Spain,Madrid,8
"Classic Cars",France,Reims,8
"Classic Cars",Sweden,BrÃƒÂ¤cke,8
Ships,Denmark,Kobenhavn,8
"Classic Cars",Spain,Madrid,8
"Vintage Cars",USA,Brickhaven,8
"Vintage Cars",USA,"San Rafael",8
"Vintage Cars",Spain,Madrid,7
"Vintage Cars",Spain,Madrid,7
"Classic Cars",USA,"San Diego",7
"Classic Cars",Singapore,Singapore,7
"Classic Cars",USA,"San Diego",7
"Classic Cars",USA,"San Diego",7
"Classic Cars",France,Marseille,7
Motorcycles,USA,"San Francisco",7
"Classic Cars","New Zealand",Auckland,7
"Classic Cars","New Zealand",Auckland,7
"Vintage Cars",Spain,Madrid,7
Planes,Ireland,Dublin,7
Motorcycles,USA,Boston,7
"Vintage Cars",Spain,Madrid,7
"Classic Cars",USA,"San Diego",7
Motorcycles,USA,"San Francisco",7
"Vintage Cars",Spain,Madrid,7
Ships,France,Nantes,7
"Vintage Cars",France,Marseille,7
"Vintage Cars",France,Marseille,7
"Classic Cars",Spain,Madrid,7
"Trucks and Buses",Singapore,Singapore,7
"Classic Cars",USA,Boston,7
"Vintage Cars",France,Marseille,7
"Classic Cars",Spain,Madrid,7
"Trucks and Buses",Spain,Madrid,7
"Trucks and Buses",Singapore,Singapore,7
"Trucks and Buses",Singapore,Singapore,7
"Vintage Cars",France,Marseille,7
"Classic Cars",Singapore,Singapore,7
"Trucks and Buses",Singapore,Singapore,7
Motorcycles,Ireland,Dublin,7
Ships,France,Nantes,7
Ships,France,Nantes,7
Motorcycles,USA,"San Francisco",7
Motorcycles,USA,"San Francisco",7
Motorcycles,USA,Boston,7
"Vintage Cars",France,Nantes,7
Motorcycles,"New Zealand",Auckland,7
Ships,France,Nantes,7
"Classic Cars",Spain,Madrid,7
Motorcycles,France,Paris,7
Motorcycles,France,Paris,7
"Vintage Cars",Spain,Madrid,7
"Classic Cars",USA,"San Diego",7
"Vintage Cars",Ireland,Dublin,7
Motorcycles,France,Paris,7
Motorcycles,USA,"San Francisco",7
Motorcycles,USA,Boston,7
"Classic Cars",Spain,Madrid,7
Motorcycles,France,Paris,7
Motorcycles,"New Zealand",Auckland,7
Motorcycles,Ireland,Dublin,7
Planes,Ireland,Dublin,7
Motorcycles,USA,"San Francisco",7
Motorcycles,"New Zealand",Auckland,7
Motorcycles,"New Zealand",Auckland,7
"Vintage Cars",France,Nantes,7
Motorcycles,France,Paris,7
"Classic Cars",USA,"San Diego",7
"Vintage Cars",Spain,Madrid,7
Planes,Ireland,Dublin,7
"Vintage Cars",France,Marseille,7
Motorcycles,France,Paris,7
Motorcycles,USA,Boston,7
Ships,France,Nantes,7
Motorcycles,USA,"San Francisco",7
Motorcycles,USA,Boston,7
"Classic Cars",France,Marseille,7
"Classic Cars",Spain,Madrid,7
"Classic Cars",USA,"San Diego",7
Planes,Ireland,Dublin,7
Motorcycles,"New Zealand",Auckland,7
"Trucks and Buses",Singapore,Singapore,7
Motorcycles,France,Paris,7
"Classic Cars",USA,Boston,7
Trains,Spain,Madrid,7
"Vintage Cars",USA,"San Francisco",6
"Vintage Cars",USA,"San Francisco",6
"Vintage Cars",USA,"San Francisco",6
"Vintage Cars",USA,"San Francisco",6
"Vintage Cars",USA,"San Francisco",6
"Vintage Cars",USA,"San Francisco",6
"Trucks and Buses",USA,Cambridge,6
"Classic Cars",France,Reims,6
"Classic Cars",Finland,Helsinki,6
"Classic Cars",USA,Philadelphia,6
Planes,Philippines,"Makati City",6
Ships,Sweden,LuleÃƒÂ¥,6
"Classic Cars",Sweden,LuleÃƒÂ¥,6
"Trucks and Buses",Sweden,LuleÃƒÂ¥,6
"Classic Cars",Finland,Helsinki,6
Motorcycles,Italy,Milan,6
Motorcycles,France,Lille,6
"Vintage Cars",USA,Cambridge,6
"Classic Cars",France,Reims,6
"Classic Cars",Finland,Helsinki,6
Trains,USA,Bridgewater,6
Motorcycles,"Hong Kong","Central Hong Kong",6
Trains,USA,Allentown,6
"Classic Cars",UK,Liverpool,6
"Classic Cars",USA,"Las Vegas",6
"Classic Cars",USA,Bridgewater,6
Planes,Philippines,"Makati City",6
"Classic Cars",USA,NYC,6
"Classic Cars",USA,Philadelphia,6
Planes,Italy,Milan,6
"Classic Cars",USA,Cambridge,6
"Classic Cars",Spain,Madrid,6
"Classic Cars",UK,Liverpool,6
Motorcycles,Spain,Madrid,6
Planes,"Hong Kong","Central Hong Kong",6
"Vintage Cars","Hong Kong","Central Hong Kong",6
"Classic Cars",USA,Allentown,6
"Classic Cars",Spain,Madrid,6
"Classic Cars",UK,Liverpool,6
"Vintage Cars",USA,"Las Vegas",6
"Classic Cars",USA,"Las Vegas",6
Planes,Italy,Milan,6
Motorcycles,France,Lille,6
"Classic Cars",USA,NYC,6
"Classic Cars",USA,"Las Vegas",6
"Vintage Cars",USA,"Las Vegas",6
Motorcycles,Australia,"South Brisbane",6
"Classic Cars",Finland,Espoo,6
Motorcycles,Norway,Stavern,6
Planes,Italy,Milan,6
"Classic Cars",USA,"Los Angeles",6
Planes,Australia,"South Brisbane",6
Motorcycles,Spain,Madrid,6
"Classic Cars",USA,NYC,6
"Classic Cars",Spain,Madrid,6
Motorcycles,Norway,Stavern,6
Planes,Philippines,"Makati City",6
Motorcycles,France,Lille,6
"Vintage Cars",USA,Cambridge,6
"Classic Cars",Japan,Minato-ku,6
"Classic Cars",USA,NYC,6
"Trucks and Buses",Spain,Madrid,6
Planes,"Hong Kong","Central Hong Kong",6
"Classic Cars",UK,Liverpool,6
"Trucks and Buses",Sweden,LuleÃƒÂ¥,6
"Classic Cars",France,Reims,6
"Classic Cars",Finland,Helsinki,6
"Classic Cars",USA,Bridgewater,6
Ships,Sweden,LuleÃƒÂ¥,6
Motorcycles,Spain,Madrid,6
"Vintage Cars",Sweden,LuleÃƒÂ¥,6
"Classic Cars",USA,"Los Angeles",6
Planes,Philippines,"Makati City",6
"Vintage Cars",Japan,Minato-ku,6
Motorcycles,Norway,Stavern,6
"Classic Cars",USA,"Las Vegas",6
"Trucks and Buses",Spain,Madrid,6
"Classic Cars",USA,"Los Angeles",6
"Classic Cars",Finland,Espoo,6
Trains,USA,Bridgewater,6
"Vintage Cars",Spain,Madrid,6
"Classic Cars",USA,Allentown,6
"Vintage Cars",Sweden,LuleÃƒÂ¥,6
"Vintage Cars",Philippines,"Makati City",6
Motorcycles,France,Lille,6
Trains,Finland,Espoo,6
Trains,Finland,Espoo,6
"Classic Cars",Spain,Madrid,6
Planes,Italy,Milan,6
"Vintage Cars",Italy,Milan,6
"Classic Cars",USA,"Los Angeles",6
Trains,USA,Allentown,6
"Classic Cars",France,Reims,6
"Classic Cars",Spain,Madrid,6
"Vintage Cars",USA,NYC,6
Planes,"Hong Kong","Central Hong Kong",6
Motorcycles,USA,Newark,6
"Vintage Cars",UK,Liverpool,6
"Vintage Cars",UK,Liverpool,6
"Classic Cars",USA,"Los Angeles",6
"Classic Cars",Japan,Minato-ku,6
"Classic Cars",Sweden,LuleÃƒÂ¥,6
"Classic Cars",France,Reims,6
"Classic Cars",USA,Bridgewater,6
"Classic Cars",USA,Philadelphia,6
"Vintage Cars",USA,NYC,6
Planes,Philippines,"Makati City",6
Motorcycles,USA,Newark,6
Trains,Sweden,LuleÃƒÂ¥,6
Motorcycles,Australia,"South Brisbane",6
"Trucks and Buses",Spain,Madrid,6
"Classic Cars",USA,Philadelphia,6
"Classic Cars",USA,NYC,6
"Trucks and Buses",Sweden,LuleÃƒÂ¥,6
"Classic Cars",USA,Philadelphia,6
"Classic Cars",USA,NYC,6
"Vintage Cars",USA,NYC,6
"Trucks and Buses",Japan,Minato-ku,6
"Classic Cars",Spain,Madrid,6
Motorcycles,Australia,"South Brisbane",6
"Classic Cars",Spain,Madrid,6
Motorcycles,USA,Newark,6
Motorcycles,USA,Newark,6
"Classic Cars",Spain,Madrid,6
Planes,Australia,"South Brisbane",6
Motorcycles,Spain,Madrid,6
"Classic Cars",USA,Philadelphia,6
"Vintage Cars",USA,NYC,6
"Vintage Cars",USA,Cambridge,6
"Classic Cars",Finland,Espoo,6
"Trucks and Buses",Japan,Minato-ku,6
"Trucks and Buses",Japan,Minato-ku,6
"Vintage Cars",Sweden,LuleÃƒÂ¥,6
Motorcycles,Spain,Madrid,6
Motorcycles,France,Lille,6
"Vintage Cars",USA,Cambridge,6
Motorcycles,USA,Newark,6
"Trucks and Buses",Sweden,LuleÃƒÂ¥,6
Planes,"Hong Kong","Central Hong Kong",6
"Classic Cars",USA,Allentown,6
Motorcycles,France,Reims,6
"Classic Cars",Finland,Helsinki,6
"Classic Cars",USA,Bridgewater,6
"Vintage Cars",USA,NYC,6
"Classic Cars",Finland,Espoo,6
Motorcycles,USA,Newark,6
"Classic Cars",USA,NYC,6
Motorcycles,Norway,Stavern,6
Motorcycles,Norway,Stavern,6
"Classic Cars",USA,"Los Angeles",6
Motorcycles,France,Lille,6
"Classic Cars",USA,Allentown,6
Motorcycles,Norway,Stavern,6
Motorcycles,Australia,"South Brisbane",6
"Classic Cars",Finland,Helsinki,6
Motorcycles,Spain,Madrid,6
"Vintage Cars",USA,Cambridge,5
Planes,UK,London,5
"Classic Cars",Spain,Madrid,5
Ships,Australia,"Glen Waverly",5
"Vintage Cars",Spain,Madrid,5
Motorcycles,France,Reims,5
"Vintage Cars",USA,Cambridge,5
"Vintage Cars",Spain,Madrid,5
"Classic Cars",France,Strasbourg,5
Motorcycles,France,Reims,5
Planes,USA,Brickhaven,5
"Vintage Cars",USA,Boston,5
"Vintage Cars",Spain,Madrid,5
"Classic Cars",Spain,Madrid,5
Ships,France,Toulouse,5
Motorcycles,France,Reims,5
"Vintage Cars",Spain,Madrid,5
Planes,USA,Brickhaven,5
"Classic Cars",Finland,Oulu,5
"Classic Cars",Sweden,LuleÃƒÂ¥,5
"Classic Cars",Sweden,LuleÃƒÂ¥,5
Planes,UK,London,5
"Classic Cars",USA,"San Rafael",5
"Classic Cars",USA,"San Rafael",5
Planes,Australia,"Glen Waverly",5
"Trucks and Buses",USA,NYC,5
"Vintage Cars",Spain,Madrid,5
"Vintage Cars",USA,"San Jose",5
"Classic Cars",France,Strasbourg,5
"Classic Cars",USA,NYC,5
"Vintage Cars",Spain,Madrid,5
"Vintage Cars",USA,"San Jose",5
Planes,USA,Brickhaven,5
"Trucks and Buses",USA,NYC,5
"Vintage Cars",USA,"San Rafael",5
"Vintage Cars",Australia,"South Brisbane",5
Motorcycles,France,Reims,5
"Classic Cars",Finland,Oulu,5
"Vintage Cars",Belgium,Bruxelles,5
"Vintage Cars",Belgium,Bruxelles,5
"Classic Cars",Finland,Oulu,5
Ships,USA,Brickhaven,5
Ships,USA,Boston,5
Ships,France,Toulouse,5
"Classic Cars",USA,NYC,5
"Vintage Cars",UK,London,5
"Trucks and Buses",Australia,"South Brisbane",5
Planes,UK,London,5
Ships,France,Toulouse,5
"Trucks and Buses",Australia,"South Brisbane",5
"Vintage Cars",USA,"San Jose",5
"Vintage Cars",USA,"San Jose",5
"Classic Cars",USA,"San Rafael",5
"Classic Cars",France,Strasbourg,5
"Classic Cars",Finland,Oulu,5
"Classic Cars",Finland,Oulu,5
Planes,USA,Cambridge,5
"Classic Cars",USA,Boston,5
Ships,USA,Boston,5
Planes,Australia,"Glen Waverly",5
Motorcycles,France,Reims,5
Ships,France,Toulouse,5
"Vintage Cars",Australia,"Glen Waverly",5
"Vintage Cars",Belgium,Bruxelles,5
"Vintage Cars",Belgium,Bruxelles,5
"Classic Cars",Sweden,LuleÃƒÂ¥,5
"Classic Cars",Spain,Madrid,5
"Vintage Cars",Australia,"Glen Waverly",5
"Vintage Cars",Belgium,Bruxelles,5
"Classic Cars",USA,NYC,5
"Vintage Cars",Spain,Madrid,5
"Classic Cars",Sweden,LuleÃƒÂ¥,5
"Classic Cars",USA,"San Rafael",5
Ships,USA,Boston,5
"Vintage Cars",Belgium,Bruxelles,5
"Vintage Cars",USA,Brickhaven,5
"Vintage Cars",UK,London,5
Ships,France,Toulouse,5
Planes,USA,Cambridge,5
"Vintage Cars",USA,"San Jose",5
"Classic Cars",France,Strasbourg,5
"Vintage Cars",Australia,"South Brisbane",5
Trains,Belgium,Bruxelles,5
"Classic Cars",France,Strasbourg,5
"Classic Cars",Australia,"South Brisbane",5
Ships,Belgium,Bruxelles,5
Ships,Belgium,Bruxelles,5
Ships,USA,Cambridge,5
"Classic Cars",Sweden,LuleÃƒÂ¥,5
"Vintage Cars",Belgium,Bruxelles,5
"Vintage Cars",Germany,Frankfurt,4
"Vintage Cars",Germany,Frankfurt,4
"Vintage Cars",Germany,Frankfurt,4
"Vintage Cars",Germany,Frankfurt,4
"Trucks and Buses",USA,"San Rafael",4
"Trucks and Buses",USA,"San Rafael",4
"Vintage Cars",USA,"San Rafael",4
"Trucks and Buses",USA,"San Rafael",4
"Classic Cars",France,Nantes,4
"Classic Cars",France,Nantes,4
"Classic Cars",France,Nantes,4
"Classic Cars",France,Nantes,4
"Vintage Cars",Spain,Madrid,4
Trains,Spain,Madrid,4
"Vintage Cars",Spain,Madrid,4
Ships,Spain,Madrid,4
"Classic Cars",Austria,Graz,4
Motorcycles,Spain,Madrid,4
Motorcycles,Spain,Madrid,4
"Vintage Cars",USA,"San Francisco",4
Ships,USA,"San Francisco",4
"Vintage Cars",USA,Nashua,4
Motorcycles,USA,Burlingame,4
"Classic Cars",Austria,Graz,4
"Classic Cars",USA,Brisbane,4
Planes,USA,Brickhaven,4
"Classic Cars",France,Paris,4
"Trucks and Buses",USA,Brisbane,4
Motorcycles,Philippines,"Makati City",4
Motorcycles,USA,Burlingame,4
Ships,USA,"San Francisco",4
"Classic Cars",France,Reims,4
"Classic Cars",France,Reims,4
Trains,Australia,"South Brisbane",4
"Classic Cars",Austria,Graz,4
"Vintage Cars",USA,Nashua,4
"Vintage Cars","Norway  ",Bergen,4
Motorcycles,USA,Burlingame,4
"Trucks and Buses",France,Paris,4
"Classic Cars",USA,Brisbane,4
Motorcycles,USA,Burlingame,4
"Classic Cars",USA,"San Francisco",4
"Classic Cars",Australia,"South Brisbane",4
"Classic Cars",Canada,MontrÃƒÂ©al,4
"Classic Cars",Australia,"South Brisbane",4
"Classic Cars",Austria,Graz,4
"Trucks and Buses",USA,Brisbane,4
"Classic Cars",France,Reims,4
"Classic Cars",France,Reims,4
Planes,USA,Brickhaven,4
"Vintage Cars",USA,Nashua,4
"Vintage Cars","Norway  ",Bergen,4
Planes,USA,Brickhaven,4
"Classic Cars",Canada,MontrÃƒÂ©al,4
"Vintage Cars","Norway  ",Bergen,4
"Classic Cars",Canada,MontrÃƒÂ©al,4
"Vintage Cars","Norway  ",Bergen,4
"Classic Cars",Philippines,"Makati City",4
"Classic Cars",France,Paris,4
Motorcycles,Spain,Madrid,4
Ships,USA,Brickhaven,4
"Vintage Cars",USA,Nashua,4
"Classic Cars",Australia,"South Brisbane",4
"Classic Cars",Canada,MontrÃƒÂ©al,4
Motorcycles,Spain,Madrid,4
Motorcycles,Philippines,"Makati City",4
"Classic Cars",Philippines,"Makati City",4
Trains,France,Paris,4
"Classic Cars",France,Toulouse,3
"Trucks and Buses",USA,"San Rafael",3
"Vintage Cars",USA,"New Bedford",3
Ships,USA,"New Bedford",3
"Classic Cars",Japan,Kita-ku,3
Motorcycles,USA,Philadelphia,3
Motorcycles,USA,Philadelphia,3
Motorcycles,USA,"New Bedford",3
"Vintage Cars",Austria,Graz,3
Motorcycles,France,Paris,3
Ships,USA,Newark,3
Ships,USA,Newark,3
Ships,Belgium,Charleroi,3
"Classic Cars",Japan,Kita-ku,3
"Classic Cars",Denmark,Kobenhavn,3
Planes,USA,Burbank,3
"Trucks and Buses",USA,"San Rafael",3
Motorcycles,France,Paris,3
Planes,USA,Burbank,3
"Classic Cars",Belgium,Charleroi,3
"Classic Cars",USA,"San Rafael",3
"Vintage Cars",USA,"New Bedford",3
"Classic Cars",UK,London,3
"Vintage Cars",USA,Newark,3
"Classic Cars",Denmark,Kobenhavn,3
Motorcycles,USA,Philadelphia,3
"Vintage Cars",UK,London,3
Motorcycles,USA,"New Bedford",3
"Classic Cars",UK,London,3
"Classic Cars",Belgium,Charleroi,3
"Classic Cars",France,Toulouse,3
Planes,Belgium,Charleroi,3
"Vintage Cars",Austria,Graz,3
"Classic Cars",France,Toulouse,3
"Vintage Cars",USA,Burbank,3
"Classic Cars",Belgium,Charleroi,3
"Classic Cars",Denmark,Kobenhavn,3
"Classic Cars",Japan,Kita-ku,3
"Vintage Cars",Belgium,Charleroi,3
"Classic Cars",USA,"New Bedford",3
"Vintage Cars",Austria,Graz,3
Motorcycles,France,Paris,3
"Vintage Cars",USA,NYC,2
"Vintage Cars",USA,NYC,2
"Classic Cars",Sweden,LuleÃƒÂ¥,2
"Vintage Cars",Sweden,LuleÃƒÂ¥,2
"Vintage Cars",Australia,Melbourne,2
"Vintage Cars",Australia,Melbourne,2
Ships,USA,Brickhaven,2
"Vintage Cars",USA,Brickhaven,2
"Classic Cars",Australia,"Glen Waverly",2
"Vintage Cars",Singapore,Singapore,2
"Classic Cars",Italy,Milan,2
"Vintage Cars",USA,Brickhaven,2
"Classic Cars",USA,Glendale,2
"Vintage Cars",Spain,Sevilla,2
"Vintage Cars",France,Strasbourg,2
Motorcycles,France,Nantes,2
"Vintage Cars",France,Strasbourg,2
"Vintage Cars",Spain,Sevilla,2
"Classic Cars",Australia,"Glen Waverly",2
"Trucks and Buses",Germany,Frankfurt,2
"Vintage Cars",Austria,Salzburg,2
"Vintage Cars",Singapore,Singapore,2
"Vintage Cars",Spain,Madrid,2
"Vintage Cars",Austria,Salzburg,2
Motorcycles,USA,Glendale,2
"Vintage Cars",USA,Boston,2
"Vintage Cars",Germany,Frankfurt,2
"Vintage Cars",USA,Glendale,2
Motorcycles,France,Nantes,2
"Trucks and Buses",Italy,Milan,2
"Vintage Cars",USA,Allentown,2
"Vintage Cars",USA,Allentown,2
Ships,USA,Glendale,2
Planes,Spain,Madrid,2
"Classic Cars",Spain,Madrid,2
"Vintage Cars",USA,"San Rafael",2
"Vintage Cars",Denmark,Kobenhavn,2
"Vintage Cars",USA,Brickhaven,2
Ships,USA,"San Rafael",2
"Vintage Cars",USA,"San Rafael",2
"Vintage Cars",USA,Boston,2
"Classic Cars",Spain,Madrid,2
"Vintage Cars",Denmark,Kobenhavn,2
"Vintage Cars",USA,"San Rafael",2
Ships,Spain,Barcelona,1
Ships,USA,Brickhaven,1
Planes,USA,Burlingame,1
"Classic Cars",Singapore,Singapore,1
Planes,"New Zealand","Auckland  ",1
"Vintage Cars",Belgium,Charleroi,1
Motorcycles,Norway,Stavern,1
"Trucks and Buses",France,Versailles,1
"Vintage Cars",France,Nantes,1
"Vintage Cars",USA,NYC,1
Motorcycles,France,Paris,1
Trains,Belgium,Charleroi,1
"Classic Cars",USA,Glendale,1
Motorcycles,France,Marseille,1
Motorcycles,Singapore,Singapore,1
Motorcycles,USA,Pasadena,1
"Vintage Cars",Japan,Minato-ku,1
